test_set_index,original_csv_index,prompt,url,is_shared,human_coherence,human_signaling,human_label_accuracy,human_labeling,human_comment,claude-sonnet-4-6_coherence,claude-sonnet-4-6_signaling,claude-sonnet-4-6_label_accuracy,claude-sonnet-4-6_labeling,gpt-5.4_coherence,gpt-5.4_signaling,gpt-5.4_label_accuracy,gpt-5.4_labeling
2,2424,"two separate rectangular prisms side by side, left prism 3×2×1, right prism 2×2×1",https://2xavun1dsa0sayar.public.blob.vercel-storage.com/visuals/vis_final-mpB5CsJg7BhEqiJNXbct1FpCC4KtiM.svg,False,Yes,No,Yes,Yes,Not Applicabile,Yes,N/A,Yes,Yes,Yes,N/A,Yes,Yes
3,3708,"circles arranged in rows, 12 circles",https://2xavun1dsa0sayar.public.blob.vercel-storage.com/visuals/vis_final-4EvsTokTluRGvfgu8kXXkMw0Z9fPub.svg,False,Yes,No,,,The diagram is simple to assess,Yes,N/A,N/A,N/A,Yes,N/A,N/A,N/A
5,1319,two similar but different coffee mugs,https://2xavun1dsa0sayar.public.blob.vercel-storage.com/visuals/vis_final-jOXU9CWDg0XbzI49Jx4LY3iPwI42u7.svg,False,Yes,No,No,No,The diagram is easy to follow,Yes,No,N/A,No,No,No,N/A,N/A
6,2637,"square pyramid net on grid, square base 4 by 4, four triangular faces each with base 4 and height 5",https://2xavun1dsa0sayar.public.blob.vercel-storage.com/visuals/vis_final-c94rfjSftsCXbv0bLDYzXEOOTwiZ7p.svg,True,Yes,Yes,No,No,The diagram could have had a number labelling on the sides,Yes,No,N/A,No,Yes,N/A,N/A,No
7,2520,"two congruent quadrilaterals, first quadrilateral JKLM as a trapezoid on left side, second quadrilateral J'K'L'M' as same trapezoid rotated on right side",https://2xavun1dsa0sayar.public.blob.vercel-storage.com/visuals/vis_final-4jdBusxJWqG5CcUAh92u7YoIUX9SSB.svg,False,No,No,Yes,Yes,IT IS STRAIGHT Forward,Yes,No,No,Yes,No,No,No,No
10,2488,cube net showing all 6 faces unfolded in a cross pattern,https://2xavun1dsa0sayar.public.blob.vercel-storage.com/visuals/vis_final-K2cldAP9FZAz7jRqyE06QB3hOG1UJL.svg,False,Yes,Yes,,,,Yes,No,N/A,No,Yes,N/A,N/A,N/A
11,2677,"bar chart, showing capacity constraints like maximum 30 students per class",https://2xavun1dsa0sayar.public.blob.vercel-storage.com/visuals/vis_final-mRKFDVScAcw9kpL9iTOtzwtTz6PD3t.svg,False,Yes,Yes,Yes,Yes,,Yes,Yes,Yes,Yes,Yes,Yes,No,Yes
12,2028,"number line, 0 to 2, partitioned into sixths",https://2xavun1dsa0sayar.public.blob.vercel-storage.com/visuals/vis_final-epD6Kr4dAUHvbnabmPk7pj1UEdfljC.svg,False,Yes,,Yes,Yes,,Yes,No,Yes,No,Yes,N/A,No,No
13,3388,"grid, square 8x8 units labeled Square A",https://2xavun1dsa0sayar.public.blob.vercel-storage.com/visuals/vis_final-tEGRjCQemx2hrxSoJ3EMba4uRtX9Ec.svg,False,Yes,No,,,,Yes,N/A,Yes,No,Yes,N/A,Yes,Yes
14,3593,"100-square grid with 25 squares shaded, labeled '25%' and '25 out of 100'",https://2xavun1dsa0sayar.public.blob.vercel-storage.com/visuals/vis_final-xLecwaIL1fxJxVmDyyVXlbkqBr8eVH.svg,False,Yes,Yes,Yes,Yes,,Yes,Yes,No,Yes,No,Yes,No,Yes
15,405,"definition card, Multiplication (English) / Miltiplikasyon (Haitian Creole): a way to represent the total number of objects when you have a certain number of equal groups. For example, 3 groups of 4 objects each can be represented as multiplication. / yon fason pou reprezante kantite total objè yo lè ou gen yon sètèn kantite gwoup egal. Egzanp, 3 gwoup 4 objè yo chak la ka reprezante kom miltiplikasyon.",https://2xavun1dsa0sayar.public.blob.vercel-storage.com/visuals/vis_final-DQxPLF5svugZnWk42FLskGutS7tmcE.svg,False,Yes,Yes,Yes,Yes,,Yes,No,Yes,Yes,Yes,No,Yes,No
16,2454,"rotation, point P around center C by 60 degrees counterclockwise, show both original point P and rotated point P'",https://2xavun1dsa0sayar.public.blob.vercel-storage.com/visuals/vis_final-DU6xcIZYjZFA80WLMxkheEGTaro1Jj.svg,True,Yes,Yes,Yes,Yes,,Yes,Yes,Yes,Yes,Yes,Yes,Yes,Yes
20,273,small clean 3D pentagonal prism with 5-sided bases,https://2xavun1dsa0sayar.public.blob.vercel-storage.com/visuals/vis_final-l7lfduEhFZ8aer6wOgHlDLJbj2k9oz.svg,False,Yes,No,No,No,,Yes,N/A,N/A,No,Yes,N/A,N/A,N/A
21,2984,"two circles both centered at point C, with radii of different sizes",https://2xavun1dsa0sayar.public.blob.vercel-storage.com/visuals/vis_final-W1c3u0zo0gEi6V5EGinG5Eu7O4mCmi.svg,False,Yes,No,Yes,,,Yes,N/A,Yes,No,Yes,N/A,Yes,Yes
22,3132,"coordinate plane, triangle with translation 4 units right and 2 units up, show both original and image with arrow",https://2xavun1dsa0sayar.public.blob.vercel-storage.com/visuals/vis_final-43ckAsghwZ0dE1JIyj0kYPXBYikRw8.svg,False,Yes,Yes,Yes,Yes,,Yes,Yes,Yes,No,No,Yes,Yes,Yes
26,184,5 groups of 2 dots each,https://2xavun1dsa0sayar.public.blob.vercel-storage.com/visuals/vis_final-JBPAvJT62DeYH2UgsvaE6rTqjXFvwI.svg,False,Yes,Yes,,,,Yes,N/A,N/A,N/A,Yes,N/A,N/A,N/A
32,1647,two perpendicular lines intersecting to form four right angles,https://2xavun1dsa0sayar.public.blob.vercel-storage.com/visuals/vis_final-QziCRPWmRIgJHCTMCYbO4AwdVIyOKb.svg,False,Yes,No,Yes,Yes,,Yes,Yes,Yes,No,Yes,Yes,Yes,Yes
33,4352,dot plot showing data points from 1 to 10 with multiple dots stacked,https://2xavun1dsa0sayar.public.blob.vercel-storage.com/visuals/vis_final-Y3hjW0M2Mq29vDbc4uC3ixwL1s3FKl.svg,False,Yes,No,Yes,Yes,,Yes,No,Yes,No,Yes,N/A,Yes,Yes
34,2428,"number line showing fraction as division, 1 ÷ 6",https://2xavun1dsa0sayar.public.blob.vercel-storage.com/visuals/vis_final-fptfTN6GZJGC6Nbt6YtbWJZUKDAR7y.svg,False,Yes,No,Yes,Yes,,No,No,No,No,No,No,No,No
36,4272,"grid with visible gridlines, basic composite shape made of rectangles with clear square units",https://2xavun1dsa0sayar.public.blob.vercel-storage.com/visuals/vis_final-QaWcY7Hcybhh1UBCVh6vEfBwPkktki.svg,True,Yes,No,No,No,,Yes,No,N/A,No,Yes,N/A,N/A,Yes
37,4739,"coordinate plane, rectangle RSTU with vertices R(-2,-1), S(3,-1), T(3,2), U(-2,2), and translated rectangle R'S'T'U' with vertices R'(-7,-5), S'(-2,-5), T'(-2,-2), U'(-7,-2)",https://2xavun1dsa0sayar.public.blob.vercel-storage.com/visuals/vis_final-3SiHjOLArsTxQvVxaYGIJK9Uy4D6pa.svg,False,Yes,Yes,Yes,Yes,,Yes,Yes,Yes,Yes,Yes,Yes,No,No
39,2645,Two rectangular prisms attached. First prism: 3 cubes by 4 cubes by 2 cubes. Second prism: 3 cubes by 2 cubes by 4 cubes.,https://2xavun1dsa0sayar.public.blob.vercel-storage.com/visuals/vis_final-GPDo4Qt2hIlftstkJBrWtVk0ys4xXO.svg,True,Yes,Yes,,,,Yes,No,N/A,No,Yes,No,N/A,No
41,2870,"ten frame, 7 + 1",https://2xavun1dsa0sayar.public.blob.vercel-storage.com/visuals/vis_final-nzrwzZosWArPG8GSpFkvwfc0xFCHtE.svg,False,Yes,Yes,,,,Yes,Yes,N/A,No,Yes,Yes,N/A,N/A
43,1433,"rectangular prism, 5 x 5 x 6 units",https://2xavun1dsa0sayar.public.blob.vercel-storage.com/visuals/vis_final-ZH4I1RoubPmivpMPpEvGtqxFWmIfQy.svg,False,Yes,Yes,No,Yes,,Yes,No,No,No,No,No,No,No
45,4987,"two similar triangles ABC and DEF, triangle ABC has side AB = 7 cm and angle C = 58°, show corresponding parts",https://2xavun1dsa0sayar.public.blob.vercel-storage.com/visuals/vis_final-Rb66zitcBbok9DFZf0oC9UUguSgLt8.svg,True,Yes,Yes,Yes,Yes,,No,Yes,Yes,Yes,No,Yes,No,Yes
47,2566,"horizontal bar graph, Favorite Colors. Red 7, Blue 14, Green 9, Yellow 4. Scale 0 to 16.",https://2xavun1dsa0sayar.public.blob.vercel-storage.com/visuals/vis_final-N6xzNjYMIKzWDokePtzryUc2GlsIJG.svg,False,Yes,Yes,Yes,Yes,,No,No,Yes,No,No,No,No,No
50,427,"coordinate plane, right triangle ABC at origin with vertices A(0,0), B(3,0), C(0,4), and three rotations creating four-triangle pattern around center point",https://2xavun1dsa0sayar.public.blob.vercel-storage.com/visuals/vis_final-lDXC0h415NvBGpB0cJg1ZkzglxmjML.svg,True,Yes,Yes,Yes,Yes,,Yes,Yes,No,No,No,Yes,No,No
51,541,"3D rectangular prism figure, L-shaped, bottom prism 8×3×2 cm, top prism 5×3×4 cm extending from left edge",https://2xavun1dsa0sayar.public.blob.vercel-storage.com/visuals/vis_final-wOBs0P2dUU7trOjmj0nKD6R0ykpZZJ.svg,False,Yes,No,Yes,Yes,,Yes,No,Yes,Yes,Yes,No,No,Yes
53,3639,two identical ice cream cones,https://2xavun1dsa0sayar.public.blob.vercel-storage.com/visuals/vis_final-TaHK3pOPhnV4wRzfOYQyQm9eXfDFtU.svg,False,Yes,No,No,No,,Yes,N/A,N/A,N/A,Yes,N/A,N/A,N/A
57,646,irregular pentagon HJKLM with point R as center of dilation to the left,https://2xavun1dsa0sayar.public.blob.vercel-storage.com/visuals/vis_final-UHMcdTfJTQpV9ieCLgJ5rtXmT8BSQR.svg,False,Yes,Yes,Yes,Yes,,Yes,No,Yes,Yes,No,Yes,No,No
58,4100,"two different parallelograms with same area, base x height = 20",https://2xavun1dsa0sayar.public.blob.vercel-storage.com/visuals/vis_final-zAnwjQi0U6qpJrQM3PkfEPLiZLbJTv.svg,False,Yes,Yes,Yes,Yes,,Yes,Yes,No,Yes,Yes,Yes,Yes,Yes
59,4065,"two triangles side by side, Triangle ABC with sides 3, 4, 5 and Triangle DEF with sides 6, 8, 10",https://2xavun1dsa0sayar.public.blob.vercel-storage.com/visuals/vis_final-9zZFocfm3YguZFBfsvIZdEPoTzvOlL.svg,True,Yes,No,Yes,Yes,,Yes,No,Yes,Yes,Yes,N/A,Yes,Yes
60,4438,pentagonal pyramid net with slightly larger pentagon in center and triangular faces extending from each edge,https://2xavun1dsa0sayar.public.blob.vercel-storage.com/visuals/vis_final-aHOCuoUl06mx2uNhOmkgapVCNASxaF.svg,False,Yes,Yes,,,,No,No,N/A,No,No,No,N/A,N/A
62,4464,"rectangular prism figure made of 2 prisms, 2 cm × 4 cm × 3 cm bottom prism, 3 cm × 4 cm × 1 cm top prism",https://2xavun1dsa0sayar.public.blob.vercel-storage.com/visuals/vis_final-nTq2Sz5eeQLG8aDuAuHozlerceacNb.svg,True,Yes,No,Yes,Yes,,Yes,No,Yes,Yes,Yes,Yes,No,Yes
64,2712,visual showing scale factor 2 with original rectangle 3x4 and scaled copy 6x8,https://2xavun1dsa0sayar.public.blob.vercel-storage.com/visuals/vis_final-MTcWcpl7NM94aVD8czCHSf3YsZSRw4.svg,True,Yes,Yes,Yes,Yes,,Yes,Yes,Yes,Yes,No,Yes,No,No
65,210,"two identical pentagons, one translated to the right",https://2xavun1dsa0sayar.public.blob.vercel-storage.com/visuals/vis_final-wLIt0NJJtOtecemjqugNxJ8RRiNtKs.svg,False,Yes,Yes,,,,No,No,N/A,No,No,No,N/A,No
66,2172,"coordinate grid with original rectangle from (1,1) to (4,3), labeled Original",https://2xavun1dsa0sayar.public.blob.vercel-storage.com/visuals/vis_final-CHwyCeHjK6bWv5hTfd0MhCX3eJBUZO.svg,False,Yes,No,Yes,Yes,,Yes,Yes,Yes,Yes,Yes,Yes,Yes,Yes
67,4813,"coordinate plane showing y = -x^2, simple parabola opening down",https://2xavun1dsa0sayar.public.blob.vercel-storage.com/visuals/vis_final-5nQq2nOOgC8TPGXTOhZ6eApCnp2Xql.svg,False,Yes,Yes,Yes,Yes,,Yes,Yes,Yes,No,No,Yes,Yes,No
73,1940,complex polygon (L-shape) showing decomposition into rectangles,https://2xavun1dsa0sayar.public.blob.vercel-storage.com/visuals/vis_final-eWXbd3e1cyRG4Woym2DRTaFYA5UIPt.svg,False,Yes,Yes,No,Yes,,Yes,Yes,No,No,No,Yes,No,No
74,678,"bag with colored blocks visible at opening, 3 red blocks, 2 blue blocks, 1 green block",https://2xavun1dsa0sayar.public.blob.vercel-storage.com/visuals/vis_final-SF3slgzN2QBbbe61mLmgBdXtrPVrTU.svg,False,Yes,Yes,,,,Yes,Yes,N/A,No,Yes,N/A,N/A,N/A
76,389,"grid with polygon, L-shaped figure on unit grid, 8 units wide, 6 units tall, with rectangular cutout 3x4 in upper right",https://2xavun1dsa0sayar.public.blob.vercel-storage.com/visuals/vis_final-ghA1mssTWJ5qfTVUXsqan5vjPdV3b0.svg,False,Yes,Yes,,,,Yes,Yes,N/A,No,Yes,Yes,N/A,No
77,3146,clock showing 3 o'clock with right angle,https://2xavun1dsa0sayar.public.blob.vercel-storage.com/visuals/vis_final-gaRDKUiSnsAHkjPerVhO1fRVA34JYR.svg,False,Yes,Yes,Yes,Yes,,Yes,Yes,Yes,Yes,Yes,Yes,Yes,Yes
78,1691,1 sandwich divided equally among 4 people showing each gets 1/4,https://2xavun1dsa0sayar.public.blob.vercel-storage.com/visuals/vis_final-RwxejKawXaAF6OXCryfyZQeDqWX9sb.svg,False,Yes,Yes,Yes,Yes,,Yes,No,Yes,Yes,Yes,N/A,Yes,Yes
80,1157,"triangle with angles 60 degrees and 30 degrees, one side labeled 7 cm",https://2xavun1dsa0sayar.public.blob.vercel-storage.com/visuals/vis_final-MX0yfAXBoSuSfW6sw4O2ZqyqwPGJr9.svg,True,Yes,No,Yes,Yes,,Yes,No,Yes,Yes,Yes,Yes,Yes,Yes
81,4314,"coordinate plane, points at (0,48), (1,12), (2,3), (3,0.75), discrete points for sequence graph",https://2xavun1dsa0sayar.public.blob.vercel-storage.com/visuals/vis_final-mNFzQCOHKAMZmvb189NpO0ZcsGe9IP.svg,False,Yes,No,Yes,Yes,,Yes,N/A,Yes,Yes,Yes,N/A,Yes,Yes
82,1753,"fraction bars showing 1 sandwich divided into 3 equal parts, with 1 part highlighted",https://2xavun1dsa0sayar.public.blob.vercel-storage.com/visuals/vis_final-uMKkizvjp7OVQJpUkJ5Ef9PcR8lcPP.svg,False,Yes,Yes,,,,Yes,Yes,N/A,No,Yes,Yes,N/A,N/A
83,100,"square, 6 units by 6 units, grid lines",https://2xavun1dsa0sayar.public.blob.vercel-storage.com/visuals/vis_final-bo93cTXRhHNGDnf6IBBGIAqdoFOjTI.svg,False,Yes,No,,,,Yes,N/A,N/A,No,Yes,N/A,N/A,N/A
84,18,"triangular pyramid net with line pointing to face labeled Face, line pointing to vertex labeled Vertex, line pointing to edge labeled Edge",https://2xavun1dsa0sayar.public.blob.vercel-storage.com/visuals/vis_final-BAfTcuWYM77WUpGsbz7CL9iD9ATpMV.svg,False,Yes,Yes,Yes,Yes,,Yes,Yes,No,Yes,No,Yes,No,Yes
85,2128,"box plot, min=10, Q1=15, median=20, Q3=25, max=30",https://2xavun1dsa0sayar.public.blob.vercel-storage.com/visuals/vis_final-dGaGJl5grf5D9dfCxMOUtsiu1VhdkJ.svg,False,Yes,No,Yes,Yes,,Yes,No,Yes,No,Yes,N/A,Yes,Yes
87,359,"grid with triangle, acute triangle on coordinate plane, vertices at (1,1), (7,2), (4,5), show multiple possible base-height combinations",https://2xavun1dsa0sayar.public.blob.vercel-storage.com/visuals/vis_final-5GhMAq8Cq2rscNX3PCLGwh9SDCUidC.svg,False,Yes,Yes,Yes,Yes,,Yes,Yes,Yes,Yes,Yes,Yes,No,Yes
88,3294,"double bar graph comparing Grade 1 and Grade 2, favorite seasons: spring G1 8 G2 12, summer G1 15 G2 10, fall G1 6 G2 14, winter G1 9 G2 8",https://2xavun1dsa0sayar.public.blob.vercel-storage.com/visuals/vis_final-DSzs37x21HFIn9QmhLY6oqhg2RaGwR.svg,False,Yes,Yes,Yes,Yes,,Yes,Yes,Yes,Yes,Yes,Yes,Yes,Yes
90,3989,"two triangles side by side, Triangle ABC with sides 4, 5, 6 and Triangle DEF with sides unknown, 7.5, 9",https://2xavun1dsa0sayar.public.blob.vercel-storage.com/visuals/vis_final-vdNKnh0XSKfqQwj5PV5n4wQQJqA23U.svg,False,Yes,Yes,Yes,Yes,,Yes,N/A,No,Yes,No,N/A,No,Yes
91,1057,"ten frames, 37 + 8, make ten strategy",https://2xavun1dsa0sayar.public.blob.vercel-storage.com/visuals/vis_final-4SghT3Ws6wjGFdYhzLbJsu8BcfOszX.svg,False,Yes,Yes,Yes,Yes,,Yes,Yes,Yes,No,No,Yes,Yes,No
92,277,small clean 3D pentagonal pyramid with 5-sided base,https://2xavun1dsa0sayar.public.blob.vercel-storage.com/visuals/vis_final-5Z7bVw8oy4bw4v0PwNFAMJp44MwAu5.svg,False,Yes,No,,,,Yes,N/A,N/A,N/A,Yes,N/A,N/A,N/A
93,622,small 3D rectangular pyramid,https://2xavun1dsa0sayar.public.blob.vercel-storage.com/visuals/vis_final-SzUFxaHs7fXnqB1Q6Sq8RmRt4K2zcH.svg,False,Yes,No,No,No,,Yes,N/A,N/A,No,Yes,N/A,N/A,N/A
97,4566,"parallelogram with base 6 units, height 2 units, and slanted sides",https://2xavun1dsa0sayar.public.blob.vercel-storage.com/visuals/vis_final-l2vZf8oTqkZjY8NlkEqDVStDtvZkW8.svg,False,Yes,No,Yes,No,,Yes,Yes,Yes,Yes,Yes,Yes,Yes,Yes
101,3350,"grid, rectangle 10x6 units labeled Rectangle A",https://2xavun1dsa0sayar.public.blob.vercel-storage.com/visuals/vis_final-eVM6Kj03OscLvtfjPLpT0aqdSRHGtd.svg,False,Yes,No,Yes,Yes,,Yes,Yes,Yes,No,Yes,N/A,Yes,Yes
102,700,"triangle rotated sideways on grid, scalene triangle oriented with vertex pointing left, show 3 different heights perpendicular to each side, label h1 h2 h3",https://2xavun1dsa0sayar.public.blob.vercel-storage.com/visuals/vis_final-puF96PK03PIh0dwZyzoGuUz0rf1jYn.svg,False,Yes,Yes,Yes,Yes,,Yes,Yes,Yes,Yes,Yes,Yes,Yes,Yes
106,741,two rectangular prisms that can combine to make an L-shaped figure,https://2xavun1dsa0sayar.public.blob.vercel-storage.com/visuals/vis_final-VX9XTrQfJO883Q9BhE9cGnjACrfiT9.svg,False,Yes,Yes,,,,No,No,N/A,No,No,No,N/A,No
108,4198,"Number line showing scale factors, marking positions for 0.5, 1, and 2, with labels for smaller, same size, larger",https://2xavun1dsa0sayar.public.blob.vercel-storage.com/visuals/vis_final-lb9x1B6F2zymAksDHuJkXTtsXFGZzM.svg,False,Yes,No,No,Yes,,Yes,No,Yes,Yes,Yes,Yes,Yes,Yes
110,1117,pentagonal prism showing net layout,https://2xavun1dsa0sayar.public.blob.vercel-storage.com/visuals/vis_final-2voSs8QAFLrH6w7Jcs7FnZUoVkueNG.svg,True,Yes,Yes,,,,Yes,No,N/A,No,Yes,No,N/A,No
111,1645,"coordinate plane, line through origin with points at (1,2.5), (3,7.5), and (5,12.5) clearly labeled, axes labeled x and y, grid lines visible, clean simple design",https://2xavun1dsa0sayar.public.blob.vercel-storage.com/visuals/vis_final-F3IQFFofCzj7X8bpKn8vzLJy97CUNf.svg,False,Yes,No,Yes,Yes,,Yes,Yes,Yes,Yes,Yes,Yes,Yes,Yes
112,3579,number line from 0 to 100 with percentage markings,https://2xavun1dsa0sayar.public.blob.vercel-storage.com/visuals/vis_final-H92WyseNMlGczwQR4CBJtofWJY1FJh.svg,False,Yes,No,Yes,Yes,,Yes,N/A,Yes,Yes,Yes,N/A,Yes,Yes
113,4268,"grid with visible gridlines, two small rectangles stacked with clear square units",https://2xavun1dsa0sayar.public.blob.vercel-storage.com/visuals/vis_final-26M9uhMdPBLsuP0vi4ou3bIelxrLmc.svg,False,Yes,Yes,,,,Yes,Yes,N/A,No,No,Yes,N/A,N/A
114,3702,two identical yellow stars,https://2xavun1dsa0sayar.public.blob.vercel-storage.com/visuals/vis_final-JHxagOtEzClOFQhBb8W23U7jHRzAAs.svg,False,Yes,Yes,,,,Yes,N/A,N/A,N/A,Yes,N/A,N/A,N/A
120,1573,"area model, 1 1/4 x 5, show unit squares with grid lines",https://2xavun1dsa0sayar.public.blob.vercel-storage.com/visuals/vis_final-dU4lAcu6AHoKbcDcwXelgFIaeb2OWi.svg,True,Yes,No,Yes,Yes,,Yes,Yes,Yes,Yes,Yes,Yes,Yes,Yes
121,391,"rectangular prism made of unit cubes, 4 layers, 8 cubes per layer",https://2xavun1dsa0sayar.public.blob.vercel-storage.com/visuals/vis_final-YvNpw21OVSX4DSrH8aHLNTPsd27T9A.svg,True,Yes,Yes,,,,No,No,N/A,No,Yes,No,N/A,No
122,393,"grid with polygon, 6-sided shape on coordinate grid, vertices at (1,1), (4,1), (6,3), (4,6), (2,5), (1,3)",https://2xavun1dsa0sayar.public.blob.vercel-storage.com/visuals/vis_final-BnrspN9QggJOTVLMcAE3fDNrIfZohl.svg,False,Yes,No,Yes,Yes,,Yes,Yes,Yes,No,Yes,N/A,Yes,Yes
123,1168,"rectangular prism, 10 ft length, 4 ft width, 6 ft height, labeled dimensions",https://2xavun1dsa0sayar.public.blob.vercel-storage.com/visuals/vis_final-DlvOpd8y9Swxn8e8C28ubU37RcyccT.svg,False,Yes,No,Yes,Yes,,Yes,N/A,Yes,Yes,Yes,N/A,Yes,Yes
124,3684,one cookie and one glass of milk,https://2xavun1dsa0sayar.public.blob.vercel-storage.com/visuals/vis_final-sxOV5L9IGzuBV0NYXQe8B5vVw0BaXq.svg,False,Yes,No,Yes,Yes,,Yes,N/A,Yes,Yes,Yes,N/A,Yes,Yes
125,3577,tape diagram showing 30% of 200 with 200 total and 60 highlighted portion,https://2xavun1dsa0sayar.public.blob.vercel-storage.com/visuals/vis_final-TGtXd5cMoXCMwWfXnFeAgJGLMdhLuq.svg,False,Yes,Yes,Yes,Yes,,Yes,Yes,Yes,Yes,Yes,Yes,Yes,Yes
126,2831,"area model, 152 x 13, show 152 split as 100 + 50 + 2, and 13 split as 10 + 3",https://2xavun1dsa0sayar.public.blob.vercel-storage.com/visuals/vis_final-3v82jzUvPwOe85iAVfs4EwsVrnWFES.svg,False,Yes,No,No,Yes,,Yes,No,No,No,Yes,No,No,No
128,2608,grid showing reflection with triangle and its mirror image across a vertical line,https://2xavun1dsa0sayar.public.blob.vercel-storage.com/visuals/vis_final-QGHkMDnd5zPhzaVAdYEt3QGMtEFl8L.svg,False,Yes,Yes,Yes,Yes,,Yes,Yes,Yes,Yes,Yes,Yes,No,Yes
130,4138,"number line, 1300 to 1400, show 1347 and mark both 1300 and 1400",https://2xavun1dsa0sayar.public.blob.vercel-storage.com/visuals/vis_final-xsBfxn8rYA7tIZ0EHqmYYDUjy91Wh2.svg,True,Yes,No,No,No,,Yes,No,Yes,No,Yes,Yes,Yes,No
132,3657,"coordinate grid from -10 to 10 on both axes with triangle ABC where A is at (-2,6), B is at (1,7), C is at (0,4), point B' at (4,2), and horizontal line p at y=0",https://2xavun1dsa0sayar.public.blob.vercel-storage.com/visuals/vis_final-B6PmqNroZHIkq1IxD5AGArqGiG17X1.svg,False,Yes,No,Yes,Yes,,No,Yes,Yes,Yes,No,Yes,Yes,Yes
133,1619,"coordinate plane, y = x^2, parabola",https://2xavun1dsa0sayar.public.blob.vercel-storage.com/visuals/vis_final-9iraTJs1eJjj47DYbinpZu6hAFJLQe.svg,True,Yes,Yes,Yes,Yes,,Yes,No,Yes,No,Yes,Yes,Yes,Yes
134,1531,"area model, 1 2/3 x 1/2, different layout, show mixed number breakdown clearly",https://2xavun1dsa0sayar.public.blob.vercel-storage.com/visuals/vis_final-mgy0LTyiTXaBOr0NHfGqGgRDr8sGTg.svg,False,Yes,Yes,Yes,Yes,,Yes,Yes,Yes,Yes,Yes,Yes,Yes,Yes
135,3408,"large coordinate grid without numbers, triangle JKL positioned in upper center area, point K' positioned down and to the right, and horizontal line n in the bottom quarter of the grid",https://2xavun1dsa0sayar.public.blob.vercel-storage.com/visuals/vis_final-N8Fis5AZYves4fCfOpQGFeCKUVUn86.svg,True,Yes,No,Yes,Yes,,Yes,No,Yes,Yes,No,No,Yes,Yes
137,2810,"right triangle, ladder against wall, hypotenuse 8 feet, base 3 feet from wall, angle y at ground",https://2xavun1dsa0sayar.public.blob.vercel-storage.com/visuals/vis_final-spY3h3eIHOVx3ZF6BDDi9MV74AKIay.svg,False,Yes,No,Yes,Yes,,Yes,No,Yes,Yes,Yes,Yes,Yes,Yes
139,240,"3D rectangular prism made of unit cubes with two stacked sections: top section 6 units long, 4 units wide, 3 units tall, bottom section 6 units long, 2 units wide, 3 units tall, with visible separation line and dimension labels",https://2xavun1dsa0sayar.public.blob.vercel-storage.com/visuals/vis_final-sUcp56ZGU6JKmRywz0mXkRlJXBxwSK.svg,False,Yes,Yes,No,Yes,The labelling is way too far from the diagram,No,Yes,No,No,No,Yes,No,No
141,3615,"L-shaped figure made of two rectangular prisms, one section completely filled, other section partially filled",https://2xavun1dsa0sayar.public.blob.vercel-storage.com/visuals/vis_final-gYcnotdRLKY70jJA2rFylgcggGSVQB.svg,True,Yes,Yes,,,,No,No,N/A,No,Yes,Yes,N/A,N/A
142,3316,"composite figure made of two rectangular prisms, one 6 x 2 x 3 on top of another 4 x 4 x 3",https://2xavun1dsa0sayar.public.blob.vercel-storage.com/visuals/vis_final-9aHkFztY98Rl7TaSFvzTjyyVd3mrvY.svg,True,Yes,Yes,No,No,,Yes,No,N/A,No,Yes,No,N/A,No
143,4073,Grid paper with a small rectangle (2x3) and spaces to draw scaled copies,https://2xavun1dsa0sayar.public.blob.vercel-storage.com/visuals/vis_final-52p7RqzfQBGNvDV9aAoURqx0THJyJU.svg,True,Yes,Yes,No,Yes,,Yes,No,Yes,No,No,Yes,No,Yes
146,4144,"number line, 0 to 100, show 47 and mark 50",https://2xavun1dsa0sayar.public.blob.vercel-storage.com/visuals/vis_final-nCsUqRcdwjM8ZZ7N3egBDSd94HLI6P.svg,False,Yes,No,Yes,Yes,,Yes,No,N/A,No,Yes,Yes,Yes,No
147,971,"rectangular prism, 7 units by 1 unit by 5 units, standing vertically",https://2xavun1dsa0sayar.public.blob.vercel-storage.com/visuals/vis_final-4AFiuMkXc6L2jeXSgUevndA3ctrgCd.svg,False,Yes,No,Yes,Yes,,Yes,N/A,Yes,Yes,Yes,N/A,Yes,Yes
149,2576,"horizontal bar graph, Transportation to School. Categories: Bus 18, Car 14, Walk 9, Bike 6. Professional looking for grade 2",https://2xavun1dsa0sayar.public.blob.vercel-storage.com/visuals/vis_final-X3pSC7BxE7A6r35axDj60POXdf1YAt.svg,True,Yes,Yes,Yes,Yes,,Yes,No,Yes,No,No,N/A,Yes,Yes
150,3292,"coordinate plane, parallelogram with vertices at (1,1), (4,1), (5,3), (2,3)",https://2xavun1dsa0sayar.public.blob.vercel-storage.com/visuals/vis_final-J8BE5YvIxmfmet9fGjpEIC79yaUwdz.svg,False,Yes,No,Yes,Yes,,Yes,Yes,Yes,Yes,Yes,Yes,Yes,Yes
152,1421,"histogram, blank with ranges 0-2, 2-4, 4-6, 6-8, 8-10, 10-12, 12-14",https://2xavun1dsa0sayar.public.blob.vercel-storage.com/visuals/vis_final-UXzrT0SPdXHQJxRiYSKUQkvYstxoUH.svg,True,Yes,No,Yes,Yes,,Yes,N/A,Yes,No,Yes,N/A,Yes,No
154,2908,parallelogram with incorrect height line that is not perpendicular to base,https://2xavun1dsa0sayar.public.blob.vercel-storage.com/visuals/vis_final-66dxpWv8AgvKabXS2kj2tAvDQf9Nd2.svg,True,Yes,Yes,Yes,Yes,,Yes,Yes,Yes,Yes,Yes,Yes,Yes,Yes
155,2954,right triangle B with two sides of length 4,https://2xavun1dsa0sayar.public.blob.vercel-storage.com/visuals/vis_final-GzZQhEy44ld3eXJ959SHVTMCdGbX2b.svg,False,Yes,No,Yes,Yes,,Yes,N/A,Yes,Yes,Yes,Yes,Yes,Yes
156,226,number line from 0 to 1 with tick marks for fourths,https://2xavun1dsa0sayar.public.blob.vercel-storage.com/visuals/vis_final-pjrC4JDYHAgKVw6UbBxe0mSkn4EnF1.svg,False,Yes,No,Yes,Yes,,Yes,N/A,Yes,Yes,Yes,N/A,Yes,Yes
157,2482,"tape diagram showing 4 sandwiches shared equally by 3 people, labeled 4 ÷ 3 = 4/3",https://2xavun1dsa0sayar.public.blob.vercel-storage.com/visuals/vis_final-XyxBgXDeDMnUOCp5MsKISmfT1wCMUk.svg,False,Yes,Yes,Yes,Yes,,Yes,Yes,Yes,Yes,Yes,Yes,Yes,Yes
159,4092,"histogram, quiz scores 6, 6, 7, 7, 7, 8, 8, 8, 8, 9, 9, 9, 10, 10",https://2xavun1dsa0sayar.public.blob.vercel-storage.com/visuals/vis_final-8k34nFvrRucwirQ3NyHmXdFdNkDd1q.svg,False,Yes,No,Yes,Yes,,Yes,No,Yes,Yes,Yes,N/A,Yes,Yes
161,1523,"bar graph, Pets in Our Neighborhood. Horizontal axis: dogs, cats, fish, birds. Vertical axis: 0 to 200 by 20s. Height of bars: dogs 126, cats 94, fish 68, birds 152.",https://2xavun1dsa0sayar.public.blob.vercel-storage.com/visuals/vis_final-KTRR8xRkDw4UZIA9SIYEjfQhHsWbQL.svg,False,Yes,Yes,Yes,Yes,,Yes,N/A,Yes,Yes,Yes,No,Yes,Yes
164,1571,"area model, 2 3/4 x 5 5/8, show unit squares with grid lines",https://2xavun1dsa0sayar.public.blob.vercel-storage.com/visuals/vis_final-Eh7QSdxH2CrsIaSmgWWyPucKhYZlA2.svg,False,Yes,No,Yes,Yes,,Yes,No,Yes,No,Yes,No,Yes,Yes
165,4897,"rectangular prism made of unit cubes, 4 by 3 by 2",https://2xavun1dsa0sayar.public.blob.vercel-storage.com/visuals/vis_final-vsccXJXAASNw3pxcJfMtr63QmyLqCZ.svg,False,Yes,Yes,No,No,The labelling is missing,Yes,No,N/A,No,Yes,N/A,N/A,N/A
167,1725,"two triangles side by side, left triangle with sides 3cm, 4cm, 5cm labeled 'Triangle ABC', right triangle with sides 6cm, 8cm, 10cm labeled 'Triangle DEF', arrows showing corresponding sides with scale factor 2",https://2xavun1dsa0sayar.public.blob.vercel-storage.com/visuals/vis_final-rWcS7sqqeIGARwmiP1QswFgxObm8FC.svg,False,Yes,Yes,Yes,Yes,,Yes,No,Yes,Yes,No,Yes,No,Yes
169,150,"triangle RST with transversal line through points U and V, angle R = 45°, angle S = 60°",https://2xavun1dsa0sayar.public.blob.vercel-storage.com/visuals/vis_final-DegkAm78TswV2LZka9ZywwIxX2pNPQ.svg,False,Yes,Yes,Yes,Yes,,Yes,Yes,Yes,Yes,Yes,Yes,No,Yes
173,989,"coordinate plane, triangle with vertices at (-3,1), (-1,3), (-1,1) and its reflection across the y-axis with vertices at (3,1), (1,3), (1,1), with a dashed vertical line at x=0",https://2xavun1dsa0sayar.public.blob.vercel-storage.com/visuals/vis_final-HWZSebIhOcm3XAqRNq3vdAwJqCDnxy.svg,False,Yes,Yes,Yes,Yes,,Yes,Yes,Yes,Yes,Yes,Yes,Yes,Yes
175,551,translation showing point A moving to point A prime with vector,https://2xavun1dsa0sayar.public.blob.vercel-storage.com/visuals/vis_final-ozfrwcTQdPfI267xbMb9UpWR0Vtl25.svg,False,Yes,Yes,Yes,Yes,,Yes,Yes,Yes,Yes,Yes,Yes,Yes,Yes
176,1901,Two rectangular prisms attached. First prism: 2 cubes by 6 cubes by 3 cubes. Second prism: 4 cubes by 2 cubes by 3 cubes.,https://2xavun1dsa0sayar.public.blob.vercel-storage.com/visuals/vis_final-znmJ7viAlXqBWkzmVChH731Nm9ndYk.svg,False,Yes,No,No,No,,Yes,Yes,N/A,No,Yes,Yes,N/A,No
177,620,"rectangular prism made of unit cubes, 4 cubes long, 3 cubes wide, 5 cubes tall, no text labels, clear unit cubes visible",https://2xavun1dsa0sayar.public.blob.vercel-storage.com/visuals/vis_final-RVH3wQw1TzX3cHwmjdGPOSCcqSz4gW.svg,False,Yes,Yes,No,No,,No,N/A,N/A,N/A,Yes,N/A,N/A,N/A
178,4300,"base 10 blocks, 16 + 3, show the complete process with 1 ten rod and 9 ones",https://2xavun1dsa0sayar.public.blob.vercel-storage.com/visuals/vis_final-l5XgWQNxXi9Ozjky7isSpU5xHYcsHy.svg,False,Yes,No,Yes,Yes,,Yes,No,Yes,Yes,Yes,No,Yes,Yes
180,3238,"grid showing rectangle 2x3 original and three copies: 4x6 scaled, 4x3 stretched, 1x1.5 scaled smaller",https://2xavun1dsa0sayar.public.blob.vercel-storage.com/visuals/vis_final-W962Brze2LZNoU1VXlHmjD0KFAP3Bm.svg,False,Yes,Yes,Yes,Yes,,Yes,No,Yes,Yes,Yes,No,Yes,Yes
183,4534,triangular pyramid net with triangular base in center and 3 triangular faces arranged around it like rectangular pyramid layout,https://2xavun1dsa0sayar.public.blob.vercel-storage.com/visuals/vis_final-xdSkvSFEV4o5xVGxGK9C0YqH8axqWV.svg,False,Yes,Yes,,,,No,No,N/A,No,No,No,N/A,N/A
184,819,"number line, 0 to 1, show thirds and sixths markings with 1/3 and 2/6 labeled at same position",https://2xavun1dsa0sayar.public.blob.vercel-storage.com/visuals/vis_final-m02UNAMJGNuhowuLaYlGrpLhF98Btv.svg,False,Yes,No,Yes,Yes,,Yes,No,Yes,Yes,Yes,Yes,Yes,Yes
185,4917,square shape,https://2xavun1dsa0sayar.public.blob.vercel-storage.com/visuals/vis_final-zGagonecroFTWrpO7qi7jqH9pAlRjN.svg,False,Yes,No,,,,Yes,N/A,N/A,No,Yes,N/A,N/A,N/A
186,4128,"parallelogram on grid, 5 by 3 units",https://2xavun1dsa0sayar.public.blob.vercel-storage.com/visuals/vis_final-aVJlj0FI4yOX8aYZ7TNqRZzyJEUOgd.svg,True,Yes,Yes,No,No,,Yes,Yes,N/A,No,Yes,Yes,N/A,No
187,1649,"three lines meeting at one point, creating six angles around the intersection",https://2xavun1dsa0sayar.public.blob.vercel-storage.com/visuals/vis_final-oKfGBnY4c47H0H54Z1Tu9Fsm0vdrjg.svg,True,Yes,No,No,Yes,,Yes,N/A,No,No,No,No,No,No
188,4256,"box plot with whiskers, showing Q1=3, median=5, Q3=7, min=1, max=9",https://2xavun1dsa0sayar.public.blob.vercel-storage.com/visuals/vis_final-VS7LF5SxKxiU6KsfIupMY62A8uWuxx.svg,True,Yes,No,Yes,Yes,,Yes,No,Yes,Yes,Yes,N/A,Yes,Yes
189,3926,"histogram with x-axis from 3 to 11, intervals [3-5), [5-7), [7-9), [9-11], y-axis labeled frequency up to 4, show only the first bar at [3-5) with height 2, other bars empty for students to complete",https://2xavun1dsa0sayar.public.blob.vercel-storage.com/visuals/vis_final-4MRY3sqxpsGrWo2u3Fb9ZmX9zCE4Sj.svg,False,Yes,Yes,Yes,Yes,,Yes,N/A,Yes,No,Yes,Yes,Yes,No
190,3952,"histogram, symmetric distribution, centered at 50, values from 35 to 65",https://2xavun1dsa0sayar.public.blob.vercel-storage.com/visuals/vis_final-0gyO8PKVncGiyzu0gRItQItDXykOCJ.svg,False,Yes,Yes,Yes,Yes,,Yes,No,Yes,No,Yes,N/A,Yes,No
191,909,"rectangle, 24 by 36 grid, divided into 6x6 squares",https://2xavun1dsa0sayar.public.blob.vercel-storage.com/visuals/vis_final-34m3rExNe4C4aagFEfv70YugtdaxKt.svg,True,Yes,No,No,No,,Yes,Yes,N/A,No,Yes,Yes,N/A,N/A
192,339,"rectangular prism made of unit cubes, 4 cubes long by 2 cubes wide by 3 cubes tall, all 24 cubes visible",https://2xavun1dsa0sayar.public.blob.vercel-storage.com/visuals/vis_final-gUlsvcmvZ8PHZfYlm8ZaojEzId3wtp.svg,True,Yes,Yes,,,,Yes,N/A,N/A,No,Yes,N/A,N/A,N/A
193,3960,"cube net, 6 squares arranged in cross pattern",https://2xavun1dsa0sayar.public.blob.vercel-storage.com/visuals/vis_final-1e6EQLjFoty7mZL06nYwN4gd4iN4Q1.svg,False,Yes,Yes,No,No,,Yes,No,N/A,No,Yes,N/A,N/A,N/A
195,3364,"grid, triangle with sides 6, 8, 10 units labeled Triangle A",https://2xavun1dsa0sayar.public.blob.vercel-storage.com/visuals/vis_final-0sIxk7xRQ1qmEyksJflTMHylun64zp.svg,False,Yes,No,Yes,Yes,,Yes,No,No,No,Yes,N/A,Yes,Yes
196,2792,"triangle ABC and triangle DEF positioned separately, with side AB labeled 7 cm and side DE labeled 7 cm",https://2xavun1dsa0sayar.public.blob.vercel-storage.com/visuals/vis_final-mfiiaaJ14YY1V8aGxJFmfdbKlS99XL.svg,False,Yes,No,Yes,Yes,,Yes,No,Yes,Yes,Yes,N/A,Yes,Yes
198,3824,"dot pattern card, 2 dots arranged vertically",https://2xavun1dsa0sayar.public.blob.vercel-storage.com/visuals/vis_final-oTXDeC8fG8zejTexpcFXmoniLrakNL.svg,True,Yes,No,,,,Yes,N/A,N/A,N/A,Yes,N/A,N/A,N/A
201,2200,"triangular prism, rectangular prism, hexagonal prism - three different prisms shown side by side",https://2xavun1dsa0sayar.public.blob.vercel-storage.com/visuals/vis_final-cIEzbBbgjAjJGDWh9wo2Xwgw4ZtzMn.svg,False,Yes,No,Yes,Yes,,Yes,No,Yes,No,No,N/A,No,Yes
202,2686,"coordinate plane, line through origin and point (1,0.8), unlabeled axes",https://2xavun1dsa0sayar.public.blob.vercel-storage.com/visuals/vis_final-nbSEz07WawJjri9iVzkAeSHa3PwWtO.svg,True,Yes,No,No,No,,Yes,N/A,N/A,No,Yes,N/A,N/A,No
203,4310,"growing pattern, step 1 has 6 squares in L-shape, step 2 has 10 squares in larger L-shape, step 3 has 14 squares",https://2xavun1dsa0sayar.public.blob.vercel-storage.com/visuals/vis_final-OZOkWQ0xAULQ81VSPvStW3xiQeuEeg.svg,True,Yes,No,Yes,Yes,,No,No,No,No,No,N/A,Yes,No
204,2997,"parallel lines m and n cut by transversal t, with angle 1 marked as 110°",https://2xavun1dsa0sayar.public.blob.vercel-storage.com/visuals/vis_final-Sa4YZJNdSlxOh46KS6OCxV3g4dDD41.svg,False,Yes,No,Yes,Yes,,Yes,No,Yes,Yes,Yes,Yes,No,No
207,535,"skewed left distribution dot plot, data with long tail on left side",https://2xavun1dsa0sayar.public.blob.vercel-storage.com/visuals/vis_final-NeZugISrjWl7tffTGQVecKZt2peZEL.svg,False,Yes,No,Yes,Yes,,No,No,Yes,No,Yes,No,Yes,Yes
211,2999,"coordinate grid with triangle DEF with D at (2,1), E at (4,2), F at (3,4)",https://2xavun1dsa0sayar.public.blob.vercel-storage.com/visuals/vis_final-Z2wyo5O4C2de2uIpLquvZ5PGt416Y1.svg,False,Yes,No,Yes,Yes,,No,Yes,Yes,No,No,N/A,Yes,No
212,146,"dot plot, symmetric distribution, data values from 1 to 9 with peak at 5",https://2xavun1dsa0sayar.public.blob.vercel-storage.com/visuals/vis_final-eUO8U4Tykx2WCspcXWTVkfbiIoqWsl.svg,False,Yes,No,Yes,Yes,,Yes,No,Yes,No,Yes,N/A,Yes,Yes
214,4490,"rectangular prism figure made of 2 prisms, 5 in × 2 in × 3 in left prism, 3 in × 2 in × 2 in right prism",https://2xavun1dsa0sayar.public.blob.vercel-storage.com/visuals/vis_final-LQDAKhU1ZzoRX7n464XXh6qYzvDSGd.svg,False,Yes,No,No,Yes,,Yes,No,No,No,Yes,No,No,Yes
215,1479,"coordinate plane, -4 to 4 on both axes, with quadrant labels",https://2xavun1dsa0sayar.public.blob.vercel-storage.com/visuals/vis_final-fBnDUnPT4psgZmTcCS1k5TRbrnHnKi.svg,False,Yes,No,Yes,Yes,,Yes,Yes,Yes,Yes,Yes,Yes,Yes,Yes
216,3940,"histogram, slightly skewed left distribution, peak around 85, values from 65 to 95",https://2xavun1dsa0sayar.public.blob.vercel-storage.com/visuals/vis_final-EVgZo4aPdRftLmnA9wW5DnJeb57HwR.svg,False,Yes,Yes,Yes,Yes,,Yes,No,Yes,No,Yes,No,Yes,Yes
218,3198,"two roads intersecting, angles labeled 125° and 55°",https://2xavun1dsa0sayar.public.blob.vercel-storage.com/visuals/vis_final-XYWpJOHP2cTDyvE4cwnxbRh7JjoA14.svg,False,Yes,No,Yes,Yes,,Yes,Yes,Yes,Yes,Yes,Yes,No,Yes
219,1487,"fraction bars, 2/4 shaded",https://2xavun1dsa0sayar.public.blob.vercel-storage.com/visuals/vis_final-Hm3tj7fHHDYMwnx640mzvDGhvuAXHu.svg,True,Yes,Yes,No,No,,Yes,Yes,N/A,No,Yes,Yes,N/A,N/A
220,4612,pentagonal prism net with 2 pentagonal faces and 5 rectangular faces,https://2xavun1dsa0sayar.public.blob.vercel-storage.com/visuals/vis_final-TaYiTXMBoAObsv6RC1RI1uhneMbec3.svg,False,Yes,Yes,Yes,Yes,,No,No,N/A,No,Yes,No,N/A,No
221,2080,"box plot, min=65, Q1=70, median=78.5, Q3=88, max=92, title Class Test Scores Set B",https://2xavun1dsa0sayar.public.blob.vercel-storage.com/visuals/vis_final-1Ebm1ubkztBcjvyxhgoUSRMky1Wl4z.svg,False,Yes,No,Yes,Yes,,Yes,No,Yes,No,Yes,N/A,Yes,Yes
223,1449,"table showing time and distance for walking, 1 hour 3 miles, 2 hours 6 miles, 4 hours 12 miles",https://2xavun1dsa0sayar.public.blob.vercel-storage.com/visuals/vis_final-HFB6tc18yIbCe6wIaUSUXahpNW5erJ.svg,True,Yes,No,Yes,Yes,,Yes,No,Yes,Yes,Yes,N/A,Yes,Yes
225,4354,"rectangle with right triangle cut out from corner, rectangle 8x6, triangle legs 3 and 4",https://2xavun1dsa0sayar.public.blob.vercel-storage.com/visuals/vis_final-HEQGRKayS8jB3z6LDdE5kWKyuXCBLW.svg,True,Yes,Yes,Yes,Yes,,Yes,Yes,Yes,Yes,Yes,Yes,Yes,Yes
227,4376,"base 10 blocks, 37 + 8, show 3 tens and 7 ones plus 8 ones",https://2xavun1dsa0sayar.public.blob.vercel-storage.com/visuals/vis_final-9bPvWr7eSj3czIXZ6dnyEUwczWhp6A.svg,False,Yes,Yes,Yes,Yes,,Yes,No,Yes,Yes,Yes,No,Yes,Yes
228,429,step by step: draw a line segment from point A to point B,https://2xavun1dsa0sayar.public.blob.vercel-storage.com/visuals/vis_final-M4NGkatKX7j1L3WCtc3gLIi2lizNzD.svg,False,Yes,No,Yes,Yes,,Yes,N/A,Yes,Yes,Yes,N/A,Yes,Yes
231,557,"array example, 3x4 grid of dots showing 3 rows and 4 columns",https://2xavun1dsa0sayar.public.blob.vercel-storage.com/visuals/vis_final-14ZSt85B4qBQAtu2QEvWXWBoF9BX9f.svg,False,Yes,No,No,No,,Yes,No,N/A,No,Yes,N/A,N/A,N/A
234,3858,"corner-shaped figure made of 2 rectangular prisms meeting at right angle, no labels or numbers",https://2xavun1dsa0sayar.public.blob.vercel-storage.com/visuals/vis_final-ccjb8QtsjRjXWQz1eo3y2tR06PZp4C.svg,False,Yes,No,No,No,,Yes,N/A,N/A,N/A,Yes,N/A,N/A,N/A
235,2349,"triangular sandwich cut showing angles 45°, 45°, 90°",https://2xavun1dsa0sayar.public.blob.vercel-storage.com/visuals/vis_final-PjO5SPf3FWteZWxB7LyvG8azdtIyVu.svg,False,Yes,No,Yes,Yes,,Yes,N/A,Yes,Yes,Yes,Yes,Yes,Yes
236,4212,"three separate rectangular prisms arranged together, first prism 3 × 2 × 4 unit cubes, second prism 2 × 3 × 2 unit cubes, third prism 4 × 1 × 3 unit cubes, connected but clearly distinguishable as separate prisms, show all individual unit cubes in isometric view",https://2xavun1dsa0sayar.public.blob.vercel-storage.com/visuals/vis_final-m2X80KKJU1ijAVdgFJlUhwAwiGdLmq.svg,False,Yes,Yes,No,No,,Yes,No,N/A,No,No,No,N/A,No
239,2048,"dot plot, data points at 71, 71, 72, 72, 72, 73, 73, 73, 74, 74, tightly clustered around 72-73, title Basketball Heights Set A",https://2xavun1dsa0sayar.public.blob.vercel-storage.com/visuals/vis_final-9oE8NHBM2SUg1cKgQexVTXTFOuMWFE.svg,False,Yes,No,Yes,Yes,,Yes,N/A,Yes,No,Yes,N/A,Yes,Yes
240,4584,square prism 3d shape,https://2xavun1dsa0sayar.public.blob.vercel-storage.com/visuals/vis_final-SOXpc4QLrLVnhh5N3ZgP3DDgLeF0PU.svg,False,Yes,No,No,No,,Yes,N/A,N/A,No,Yes,N/A,N/A,N/A
242,3930,"number line from 2 to 12 with tick marks at each integer, labeled for box plot creation",https://2xavun1dsa0sayar.public.blob.vercel-storage.com/visuals/vis_final-kHIJCgQ1g7PYA3r8YleFqRPYVTxu4f.svg,False,Yes,No,Yes,Yes,,Yes,N/A,Yes,Yes,Yes,N/A,Yes,Yes
250,4196,"Rectangle area scaling example, original rectangle 2 by 3 units with area 6, scaled rectangle 4 by 6 units with area 24, scale factor 2",https://2xavun1dsa0sayar.public.blob.vercel-storage.com/visuals/vis_final-wUEE7FJ8zqyxbwZxUMxMtFP1JzYRDU.svg,False,Yes,Yes,Yes,Yes,,Yes,Yes,Yes,Yes,Yes,Yes,Yes,Yes
251,3772,card with 4 flowers in diamond arrangement,https://2xavun1dsa0sayar.public.blob.vercel-storage.com/visuals/vis_final-U3lLJowbESHI4ieKzg6c7BPr83ZONp.svg,True,Yes,No,,,,Yes,N/A,N/A,N/A,Yes,N/A,N/A,N/A
252,511,"cube rectangle, 2 by 3 cubes flat arrangement",https://2xavun1dsa0sayar.public.blob.vercel-storage.com/visuals/vis_final-ODFCO79y2exv3aOc5FAZBBEwPIj5Gm.svg,False,Yes,Yes,,,,Yes,No,N/A,No,No,N/A,N/A,N/A
256,614,small square pyramid net,https://2xavun1dsa0sayar.public.blob.vercel-storage.com/visuals/vis_final-qenXTUwjdvsNlw3IUoWct8ypclpSjx.svg,False,Yes,Yes,No,No,,Yes,No,N/A,No,Yes,N/A,N/A,N/A
258,4029,"coordinate plane with triangle XYZ at X(3,1) Y(5,2) Z(1,4) and its rotated image X'(-1,3) Y'(-2,5) Z'(-4,1), -6 to 6 axes",https://2xavun1dsa0sayar.public.blob.vercel-storage.com/visuals/vis_final-6pnSS98ZyOuRDaMBzojMwRS9rbASex.svg,False,Yes,Yes,No,No,,Yes,Yes,Yes,Yes,Yes,Yes,Yes,Yes
259,4817,"coordinate plane showing y = x, simple linear function",https://2xavun1dsa0sayar.public.blob.vercel-storage.com/visuals/vis_final-tljnMxZSAZ8akOeCsqLXYJNPGVudJw.svg,False,Yes,No,Yes,Yes,,Yes,No,Yes,No,Yes,N/A,Yes,No
260,1952,"examples of polygons: triangle, quadrilateral, pentagon, hexagon, octagon labeled with number of sides",https://2xavun1dsa0sayar.public.blob.vercel-storage.com/visuals/vis_final-8xZUORosjptYxBTo0cOZddZQ9WayxV.svg,True,Yes,Yes,Yes,Yes,,Yes,No,Yes,Yes,No,No,No,No
262,299,"rectangular prism made of unit cubes, 7 layers, 24 cubes per layer",https://2xavun1dsa0sayar.public.blob.vercel-storage.com/visuals/vis_final-RUaba2elBalmyEFliiosgTU39BFxVF.svg,False,Yes,Yes,,,,No,No,N/A,No,Yes,No,N/A,No
263,3162,"table showing MAD calculation steps for data 5, 6, 13, 18, 18 with mean 12",https://2xavun1dsa0sayar.public.blob.vercel-storage.com/visuals/vis_final-yI8Ps6ZEVcNnDquabI6KudP46Ov08H.svg,False,Yes,Yes,No,No,,Yes,Yes,Yes,Yes,Yes,Yes,Yes,Yes
264,1563,"area model, 1 2/3 x 1/2, show unit squares and fractional parts",https://2xavun1dsa0sayar.public.blob.vercel-storage.com/visuals/vis_final-xsJVvqlI70G0GyF6slR2QltXXtx72z.svg,False,Yes,Yes,Yes,Yes,,Yes,Yes,Yes,Yes,Yes,No,Yes,Yes
267,4278,"fraction bars, 1/2",https://2xavun1dsa0sayar.public.blob.vercel-storage.com/visuals/vis_final-mX3DENuNsFx7I3XVFgAmCugrIR14Sj.svg,False,Yes,Yes,Yes,Yes,,Yes,Yes,Yes,Yes,Yes,Yes,Yes,Yes
268,1206,"dot cubes, 2 dots horizontally aligned",https://2xavun1dsa0sayar.public.blob.vercel-storage.com/visuals/vis_final-6yq9K8eds7XOT0PUODb9SwLteehtt7.svg,False,Yes,No,Yes,Yes,,Yes,N/A,N/A,N/A,Yes,N/A,N/A,N/A
271,1749,fraction bars showing 1 whole divided into 5 equal parts,https://2xavun1dsa0sayar.public.blob.vercel-storage.com/visuals/vis_final-WEO3OFfBYIzIZVcQfugM2fS1S3Ru9X.svg,False,Yes,No,Yes,Yes,,Yes,No,Yes,No,Yes,Yes,Yes,Yes
272,126,"parallelogram with base 8 units horizontal, height 5 units marked with perpendicular line",https://2xavun1dsa0sayar.public.blob.vercel-storage.com/visuals/vis_final-UJqMGysrT0wkl7hpolGoseMe8G1TAJ.svg,False,Yes,No,Yes,Yes,,Yes,Yes,No,Yes,Yes,Yes,Yes,Yes
273,2124,"dot plot, values: 2,2,3,3,3,4,4,4,4,5,5,6",https://2xavun1dsa0sayar.public.blob.vercel-storage.com/visuals/vis_final-gLfW9rnXMxIU7lntTunF5Z6HMIGWOs.svg,False,Yes,No,Yes,Yes,,Yes,N/A,Yes,Yes,Yes,N/A,Yes,Yes
276,3055,Figure D rectangle 2 by 6 with numbered squares 1-12,https://2xavun1dsa0sayar.public.blob.vercel-storage.com/visuals/vis_final-QEITRdwMt64SoDoOivUtCudJDMon6s.svg,False,Yes,No,No,No,,Yes,N/A,Yes,Yes,Yes,N/A,Yes,Yes
281,4759,"coordinate plane showing quadrilateral PQRS at P(1,2), Q(3,4), R(5,2), S(3,0) and quadrilateral WXYZ at W(-1,-2), X(-3,-4), Y(-5,-2), Z(-3,0)",https://2xavun1dsa0sayar.public.blob.vercel-storage.com/visuals/vis_final-a4dQvJn3rpFTTQAapEVtzL2rBOFxIs.svg,False,Yes,Yes,Yes,Yes,,Yes,Yes,Yes,Yes,Yes,Yes,Yes,Yes
282,3649,two identical oranges,https://2xavun1dsa0sayar.public.blob.vercel-storage.com/visuals/vis_final-FklO5EGO8gE9XNQLrv8jjUzSpUrCiQ.svg,False,Yes,No,No,No,,Yes,N/A,N/A,N/A,Yes,N/A,N/A,N/A
283,4364,"triangle with vertices X, Y, Z and angles in ratio 2:3:4",https://2xavun1dsa0sayar.public.blob.vercel-storage.com/visuals/vis_final-4D2DE6gj8em157itRxQItjr5xeRV5c.svg,True,Yes,No,Yes,Yes,,Yes,No,Yes,Yes,Yes,Yes,Yes,Yes
285,4741,"coordinate plane, point P(-3,5) and point P'(1,-2), show translation arrow",https://2xavun1dsa0sayar.public.blob.vercel-storage.com/visuals/vis_final-LPhgtu02q2l6Arx7NoODiGqi4ByDT6.svg,False,Yes,Yes,Yes,Yes,,Yes,Yes,Yes,Yes,Yes,Yes,Yes,Yes
286,2649,6 dots plus 4 dots showing addition,https://2xavun1dsa0sayar.public.blob.vercel-storage.com/visuals/vis_final-0Y7jm0jWMwL2h9Pr9fru9MdrdoSzIu.svg,False,Yes,No,No,No,,Yes,N/A,N/A,No,Yes,N/A,N/A,Yes
288,3274,"triangle showing base = 6 units, height = 4 units",https://2xavun1dsa0sayar.public.blob.vercel-storage.com/visuals/vis_final-J2k7QDqj3xdOJnB9CY8Kw73UeEatKg.svg,True,Yes,Yes,Yes,Yes,,Yes,Yes,Yes,Yes,Yes,Yes,Yes,Yes
290,4947,"line segment AB on grid, no transformation shown",https://2xavun1dsa0sayar.public.blob.vercel-storage.com/visuals/vis_final-osjTiOPCNLiXaKvqviLs5nik6H1yTX.svg,False,Yes,Yes,Yes,Yes,,No,Yes,No,No,No,Yes,Yes,No
291,763,"base 10 blocks, 15",https://2xavun1dsa0sayar.public.blob.vercel-storage.com/visuals/vis_final-V7vl7TlcpG5cWdMBXk22I0XSC6Sswc.svg,False,Yes,No,No,No,,Yes,No,N/A,No,Yes,N/A,N/A,N/A
292,4831,"sandbox, rectangular prism, 7 feet × 4 feet × 1 foot, top view and side view",https://2xavun1dsa0sayar.public.blob.vercel-storage.com/visuals/vis_final-X8rb2BV6YEdTBp8gaGWUFPJqGFSAvS.svg,False,Yes,Yes,Yes,Yes,,Yes,Yes,Yes,Yes,Yes,Yes,Yes,Yes
294,1083,"coordinate plane, arithmetic sequence points at (1,20), (2,15), (3,10), (4,5), (5,0)",https://2xavun1dsa0sayar.public.blob.vercel-storage.com/visuals/vis_final-u6N0S0UPtr1mEFP3Z7NcxZ4cHA6XwZ.svg,True,Yes,No,Yes,Yes,,Yes,No,Yes,Yes,Yes,N/A,Yes,Yes
299,626,small 3D triangular pyramid,https://2xavun1dsa0sayar.public.blob.vercel-storage.com/visuals/vis_final-6BFE9Smg1JzcL3Lt6AMhHabPwr4XUw.svg,True,Yes,No,Yes,Yes,,Yes,No,N/A,No,Yes,N/A,N/A,N/A
300,2396,square with 4 right triangles in corners and inner square c²,https://2xavun1dsa0sayar.public.blob.vercel-storage.com/visuals/vis_final-AErDwl9kyku7DcWW4D7xeb1yd6zVlA.svg,False,Yes,Yes,Yes,Yes,,Yes,Yes,Yes,Yes,Yes,Yes,Yes,Yes
302,2866,"regular hexagon construction in circle, show all construction circles and intersection points",https://2xavun1dsa0sayar.public.blob.vercel-storage.com/visuals/vis_final-uRfmE6wAL0BTtnmnCQgthjHL3uV2Os.svg,False,Yes,Yes,Yes,Yes,,Yes,Yes,Yes,Yes,Yes,Yes,Yes,Yes
305,3517,A coordinate plane of quadrant I with a horizontal x-axis and a vertical y-axis that intersect. Label the x-axis and the y-axis,https://2xavun1dsa0sayar.public.blob.vercel-storage.com/visuals/vis_candidate-l0LdBagbiLxvXPbw75TYMfUE7AvuR7.svg,False,Yes,No,Yes,Yes,,Yes,N/A,Yes,Yes,Yes,Yes,Yes,Yes
306,242,"3D rectangular prism made of unit cubes, showing two connected rectangular sections: front section is 4 units long, 3 units wide, 2 units tall, back section is 3 units long, 3 units wide, 2 units tall, with clear dimension labels",https://2xavun1dsa0sayar.public.blob.vercel-storage.com/visuals/vis_final-o28t1zkDKMtWG8e06EmhCUrZSWrjqw.svg,False,Yes,Yes,No,Yes,,No,No,No,No,No,No,No,No
307,4835,"rectangular prism, 6 feet × 2 feet × 4 feet, labeled dimensions",https://2xavun1dsa0sayar.public.blob.vercel-storage.com/visuals/vis_final-SiSO4YJRWBzEuXboy17FCMpvCG02SA.svg,False,Yes,No,Yes,Yes,,Yes,N/A,Yes,Yes,Yes,N/A,Yes,Yes
311,4727,"coordinate plane, point K(4,-2) reflected over x-axis to K'(4,2) and over y-axis to K''(-4,-2)",https://2xavun1dsa0sayar.public.blob.vercel-storage.com/visuals/vis_final-QAX11UdZaXf3f7uOiaTM8lro5JAmdK.svg,False,Yes,Yes,Yes,Yes,,Yes,Yes,Yes,Yes,Yes,Yes,Yes,Yes
313,3736,"square pyramid net, 6 ft base 5 ft slant height",https://2xavun1dsa0sayar.public.blob.vercel-storage.com/visuals/vis_final-5opijvp0t5Z0SnqvaElwWljfjuwYaf.svg,False,Yes,Yes,Yes,Yes,,Yes,No,No,No,No,No,No,No
316,2814,"right triangle, hypotenuse p, angle R = 52 degrees, sides labeled m and n",https://2xavun1dsa0sayar.public.blob.vercel-storage.com/visuals/vis_final-HuaTdKIhNynfZ1M1Q60EyvQzLrGFLq.svg,False,Yes,No,Yes,Yes,,Yes,No,Yes,Yes,Yes,Yes,No,Yes
318,1095,coordinate plane showing scale drawing of rectangle with scale 1:2,https://2xavun1dsa0sayar.public.blob.vercel-storage.com/visuals/vis_final-kR26guNgWDPbhXm0ijuGCgKXMBErQC.svg,False,Yes,Yes,Yes,Yes,,Yes,Yes,Yes,Yes,Yes,Yes,No,Yes
322,1087,"coordinate plane, geometric sequence points at (1,2), (2,6), (3,18), (4,54), (5,162)",https://2xavun1dsa0sayar.public.blob.vercel-storage.com/visuals/vis_final-12iBM07B2mJj87W7JaGrLcLc0oWIZR.svg,False,Yes,No,Yes,Yes,,Yes,No,Yes,Yes,No,Yes,No,Yes
324,1477,"coordinate plane, two quadrilaterals with different side lengths, show one quadrilateral at (2,3) (4,5) (6,4) (4,2) and another at (8,3) (10,6) (12,4) (9,1), label as Figure X and Figure Y",https://2xavun1dsa0sayar.public.blob.vercel-storage.com/visuals/vis_final-JHkSDN7i9a7AiuRPUjQCSCoAxZgDrd.svg,False,Yes,Yes,Yes,Yes,,Yes,Yes,Yes,Yes,Yes,N/A,Yes,Yes
325,863,"fraction strips, show 1 whole, 1/2 and 2/4, 1/3 and 2/6, 1/4 and 2/8, aligned vertically",https://2xavun1dsa0sayar.public.blob.vercel-storage.com/visuals/vis_final-abNg6u0oPl0bPwlzRPmqSD306tM1qX.svg,False,Yes,No,Yes,Yes,,Yes,No,Yes,No,Yes,No,No,Yes
327,1641,"coordinate plane, line through origin passing through (2,8), axes labeled x and y, grid lines, clean design",https://2xavun1dsa0sayar.public.blob.vercel-storage.com/visuals/vis_final-DUKH91JpRP75rLIk79eMsdh4VRinDT.svg,False,Yes,Yes,Yes,Yes,,Yes,Yes,Yes,Yes,No,Yes,Yes,No
330,3432,"number line, 0 to 1, show fifths",https://2xavun1dsa0sayar.public.blob.vercel-storage.com/visuals/vis_final-tFROx8BY2LQ9rD9eu8IjNq4vz8ghQc.svg,True,Yes,No,Yes,Yes,,Yes,N/A,Yes,Yes,Yes,N/A,Yes,Yes
331,2888,"construction of equilateral triangle using two intersecting circles, mark all intersection points",https://2xavun1dsa0sayar.public.blob.vercel-storage.com/visuals/vis_final-xzqq6pK8eaNfY1qxtUtSBVwmmw5XRe.svg,True,Yes,Yes,No,Yes,,Yes,Yes,Yes,Yes,No,Yes,Yes,Yes
332,951,net diagram of a square pyramid with square base 6x6 and triangular faces with base 6 and height 5,https://2xavun1dsa0sayar.public.blob.vercel-storage.com/visuals/vis_final-QSu7qIzV7NJRRwRxk4nl26XqY4NMqR.svg,False,Yes,Yes,Yes,Yes,,Yes,No,Yes,Yes,Yes,N/A,Yes,Yes
333,463,"coordinate plane, triangle ABC with vertices at A(1,2), B(3,4), C(2,5), and its translated image A'(5,3), B'(7,5), C'(6,6)",https://2xavun1dsa0sayar.public.blob.vercel-storage.com/visuals/vis_final-8sa7zxFGMIZKocO9L8xJFXPxZae0iz.svg,False,Yes,No,Yes,Yes,,Yes,No,Yes,Yes,Yes,No,Yes,Yes
336,3667,"coordinate grid with triangle PQR where P is at (2,1), Q is at (5,3), R is at (4,5), and point Q' at (8,6), and a vertical line m at x=7",https://2xavun1dsa0sayar.public.blob.vercel-storage.com/visuals/vis_final-sAnbgJM0wFlJRXuLhVNKtcO7389Ite.svg,False,Yes,Yes,Yes,Yes,,Yes,Yes,Yes,Yes,Yes,Yes,Yes,Yes
339,2682,"coordinate plane, line through origin and point (1,3.75), unlabeled axes",https://2xavun1dsa0sayar.public.blob.vercel-storage.com/visuals/vis_final-SZZUvlBy7DI3APMqp1v6Zm6biVbXKP.svg,False,Yes,No,Yes,Yes,,No,No,Yes,No,No,N/A,Yes,No
343,1519,"area model, 1 1/4 x 4, show unit squares with grid lines, no equation labels",https://2xavun1dsa0sayar.public.blob.vercel-storage.com/visuals/vis_final-cDYNdcsrFYKi6Z3eIOADbD5G50tcZu.svg,True,Yes,Yes,No,No,,No,No,N/A,No,No,No,N/A,No
344,4430,"grid, L-shaped shaded figure",https://2xavun1dsa0sayar.public.blob.vercel-storage.com/visuals/vis_final-QT1axd1iwimU6AezIMoHefCYUhjsd6.svg,False,Yes,Yes,,,,Yes,Yes,N/A,N/A,Yes,Yes,N/A,N/A
345,3775,"quantity card, 2 cats side by side",https://2xavun1dsa0sayar.public.blob.vercel-storage.com/visuals/vis_final-6MfaczTuLpOpFbPF0P5GFnRp2F8QfH.svg,False,Yes,No,Yes,Yes,,Yes,N/A,Yes,Yes,Yes,N/A,Yes,Yes
347,4546,square pyramid net with square base 4cm and triangular faces height 7cm,https://2xavun1dsa0sayar.public.blob.vercel-storage.com/visuals/vis_final-Tz73oE0vbNqi56UxlWoPLKmTtQ2bwZ.svg,False,Yes,No,,,,Yes,No,N/A,No,Yes,No,N/A,No
348,537,"3D rectangular prism figure, bottom prism 6×4×3 units, top prism 3×4×2 units sitting on left half",https://2xavun1dsa0sayar.public.blob.vercel-storage.com/visuals/vis_final-NrbFRF7rk44hdSMOZ9Dn1BxrEzy0ju.svg,True,Yes,Yes,No,No,,Yes,No,N/A,No,No,No,N/A,No
349,4528,triangular pyramid net in cross layout with triangle in center and 3 triangular faces extending from each edge like rectangular pyramid pattern,https://2xavun1dsa0sayar.public.blob.vercel-storage.com/visuals/vis_final-ZCyFS3krussg11zQiFaJtX7SCx5mX1.svg,False,Yes,Yes,,,,No,No,N/A,No,Yes,N/A,N/A,N/A
350,721,volume formula V = l × w × h with rectangular prism,https://2xavun1dsa0sayar.public.blob.vercel-storage.com/visuals/vis_final-vTBACtnrE9NwykG5XhLEKKZeNuhF2f.svg,False,Yes,No,Yes,Yes,,Yes,No,Yes,Yes,Yes,No,Yes,Yes
351,3535,"base 10 blocks, 5 + 3",https://2xavun1dsa0sayar.public.blob.vercel-storage.com/visuals/vis_final-vGScAHORdezdsISQ4P18GOov4CM4GS.svg,False,Yes,Yes,,No,,No,N/A,N/A,No,Yes,N/A,N/A,Yes
352,3479,"rectangular prism net on grid paper, 6 by 4 by 3 units, each unit square clearly visible for counting",https://2xavun1dsa0sayar.public.blob.vercel-storage.com/visuals/vis_final-jOBof1IMs78MKM9POXWy815cjLorlV.svg,False,Yes,Yes,,,,No,No,N/A,No,No,Yes,N/A,No
354,399,"rectangular prism made of unit cubes, 3 layers, 4 cubes per layer",https://2xavun1dsa0sayar.public.blob.vercel-storage.com/visuals/vis_final-LZ7AZOMY0qWuFyVvd0uX5jdDFwcqxb.svg,False,Yes,Yes,,,,No,No,N/A,No,Yes,N/A,N/A,No
355,1679,two parallel lines with translation showing they remain parallel,https://2xavun1dsa0sayar.public.blob.vercel-storage.com/visuals/vis_final-wZ3zqgL9IStfkN5L2NpK3LrsDBVaVu.svg,True,Yes,Yes,Yes,Yes,,Yes,Yes,Yes,Yes,No,Yes,Yes,Yes
356,3454,"bimodal distribution dot plot, two peaks",https://2xavun1dsa0sayar.public.blob.vercel-storage.com/visuals/vis_final-rHSWsW3QOJdQZ23E7O9VvcIp60l4u6.svg,False,Yes,No,Yes,Yes,,Yes,No,Yes,No,Yes,No,Yes,Yes
359,379,"coordinate plane showing reflection over y-axis, point (2,3) to (-2,3) with dashed y-axis line",https://2xavun1dsa0sayar.public.blob.vercel-storage.com/visuals/vis_final-ezRNLARwWLHtXiytItm9SeBSVGK5pZ.svg,False,Yes,Yes,Yes,Yes,,No,Yes,Yes,Yes,Yes,Yes,Yes,Yes
360,1793,"fraction circles, 3/8 shaded",https://2xavun1dsa0sayar.public.blob.vercel-storage.com/visuals/vis_final-in4Lh7B3pmiGRxKH2ohSkbYjv4a1c6.svg,False,Yes,Yes,No,No,,Yes,Yes,N/A,No,Yes,Yes,N/A,N/A
361,281,"coordinate plane, house shape and upside down house shape, mirror images across horizontal dashed line",https://2xavun1dsa0sayar.public.blob.vercel-storage.com/visuals/vis_final-KXzk2vlDM8HyJBgSrObkJ5wm7alzSx.svg,True,Yes,Yes,Yes,Yes,,No,No,Yes,No,Yes,No,N/A,No
364,48,grid paper template for drawing rectangular prisms,https://2xavun1dsa0sayar.public.blob.vercel-storage.com/visuals/vis_final-wcvHUzJwcwYConFuApooeKWF61SJHj.svg,False,Yes,No,Yes,Yes,,Yes,No,Yes,No,No,N/A,Yes,No
365,813,"number line, 0 to 1, show fifths and tenths markings with 3/5 and 6/10 labeled at same position",https://2xavun1dsa0sayar.public.blob.vercel-storage.com/visuals/vis_final-DYHkScXwF5AB2wGX6oZzm1VI69rQt5.svg,False,Yes,No,Yes,Yes,,No,No,Yes,No,Yes,No,Yes,Yes
366,3531,"base 10 blocks, 6 - 5",https://2xavun1dsa0sayar.public.blob.vercel-storage.com/visuals/vis_final-WQgdBFUX18ZiSpBwxhf3ISURsusvaN.svg,False,Yes,Yes,Yes,Yes,,Yes,No,Yes,Yes,Yes,N/A,Yes,Yes
368,2592,station sign for 'Station 2: Make It Smaller' with red background,https://2xavun1dsa0sayar.public.blob.vercel-storage.com/visuals/vis_final-HnHYAi6r8EebpOLE2Pm5H2NNvD3XxX.svg,False,Yes,No,No,No,,Yes,N/A,N/A,Yes,Yes,N/A,N/A,Yes
371,4903,rectangular prism 3D shape,https://2xavun1dsa0sayar.public.blob.vercel-storage.com/visuals/vis_final-56Zm6tAJYLTji6evUFeSK1dNpq5GRw.svg,True,Yes,No,Yes,Yes,,Yes,N/A,Yes,Yes,Yes,N/A,Yes,Yes
372,1147,"fraction strips, halves thirds fourths sixths eighths tenths twelfths, clearly labeled",https://2xavun1dsa0sayar.public.blob.vercel-storage.com/visuals/vis_final-FbqAsmbjBmMnRnYDluwP6qAeo4Sjbs.svg,False,Yes,No,Yes,Yes,,Yes,No,Yes,No,Yes,N/A,Yes,Yes
374,2212,proportion setup diagram showing fraction template with labels 'drawing length over actual length equals drawing length over actual length',https://2xavun1dsa0sayar.public.blob.vercel-storage.com/visuals/vis_final-75HNnLXC4GfGKQwAERR0m84pHKYEkY.svg,False,Yes,Yes,Yes,Yes,,Yes,Yes,Yes,Yes,Yes,Yes,Yes,Yes
375,3910,coordinate plane showing polynomial with clear turning points and intercepts for classification activity,https://2xavun1dsa0sayar.public.blob.vercel-storage.com/visuals/vis_final-Lb2CbmhKaDG6mWGesWSacwaMQNVKjF.svg,False,Yes,Yes,Yes,Yes,,Yes,Yes,Yes,Yes,No,Yes,No,No
376,1408,"base 10 blocks, 10 red counters in a row",https://2xavun1dsa0sayar.public.blob.vercel-storage.com/visuals/vis_final-X7zL0mDkrlwbwrEdvLNxfdM58NO0KY.svg,False,Yes,Yes,,,,No,No,N/A,No,No,N/A,N/A,No
378,1575,"area model, 2 1/2 x 3 1/2, show unit squares with grid lines",https://2xavun1dsa0sayar.public.blob.vercel-storage.com/visuals/vis_final-vUWTWgWl9rML1A2uHkLGWC8UQegWqu.svg,False,Yes,Yes,Yes,Yes,,Yes,No,Yes,No,No,No,Yes,No
381,2934,visual showing person walking 500 feet vs person walking 500 yards with distance comparison,https://2xavun1dsa0sayar.public.blob.vercel-storage.com/visuals/vis_final-DjqlE0Kh3pWHqiVhzbb2kN9T2UYLQo.svg,False,Yes,Yes,Yes,Yes,,Yes,Yes,Yes,Yes,Yes,Yes,Yes,Yes
382,1441,"coordinate plane showing proportional relationship, y = 4x, with points plotted at (1,4), (2,8), (3,12)",https://2xavun1dsa0sayar.public.blob.vercel-storage.com/visuals/vis_final-r9Aun42QBMvgUyBT5NFEFFhME3QF7K.svg,False,Yes,No,Yes,Yes,,Yes,N/A,Yes,Yes,Yes,N/A,Yes,Yes
384,3631,one toy car and one airplane,https://2xavun1dsa0sayar.public.blob.vercel-storage.com/visuals/vis_final-RhrWTnriQmjxA4iKBjQMrKwQm9E24Y.svg,False,Yes,Yes,,,,No,No,N/A,No,No,N/A,N/A,N/A
388,3834,"dot plot showing symmetric distribution, values from 1 to 9, most data at center",https://2xavun1dsa0sayar.public.blob.vercel-storage.com/visuals/vis_final-t5HAkkee9hVgZarGSTXsAiNUzN4fHD.svg,False,Yes,No,Yes,Yes,,Yes,No,Yes,No,Yes,N/A,Yes,Yes
390,849,"fraction strips, show 3/5 and 6/10 for comparison",https://2xavun1dsa0sayar.public.blob.vercel-storage.com/visuals/vis_final-UhGGsopuC81cKRyGKpuguV9uvNkxgX.svg,True,Yes,Yes,Yes,Yes,,Yes,Yes,Yes,Yes,Yes,Yes,Yes,Yes
391,3334,two identical triangles being composed into a rectangle,https://2xavun1dsa0sayar.public.blob.vercel-storage.com/visuals/vis_final-QwohVy47YfSgkL6Ld8G3KekbTvST72.svg,False,Yes,Yes,Yes,Yes,,Yes,Yes,Yes,No,Yes,Yes,Yes,Yes
393,497,"place value chart showing hundreds, tens, ones columns with the number 582",https://2xavun1dsa0sayar.public.blob.vercel-storage.com/visuals/vis_final-hj8yGY0ZwTaeNXiIo2igXHrlwneXVA.svg,False,Yes,Yes,,,,No,No,N/A,No,No,N/A,N/A,No
395,2256,"number line, 0 to 1, marked in thirds, point at 2/3",https://2xavun1dsa0sayar.public.blob.vercel-storage.com/visuals/vis_final-1s6xQDriEsyQaD2B1oClcSpJOyoIdu.svg,False,Yes,No,Yes,Yes,,Yes,Yes,Yes,Yes,Yes,Yes,Yes,Yes
398,1994,"fraction bars, 1/3 and 2/6 equivalent",https://2xavun1dsa0sayar.public.blob.vercel-storage.com/visuals/vis_final-W9OyxXfCSTzentdwbq6JK1UtvqJ9pn.svg,False,Yes,No,Yes,Yes,,Yes,Yes,Yes,Yes,Yes,Yes,Yes,Yes
399,2596,scale factor card showing '1' with blue border and text 'Stays SAME',https://2xavun1dsa0sayar.public.blob.vercel-storage.com/visuals/vis_final-NIY8hwGLg9036UJ24xOgpBhdvvLtXK.svg,True,Yes,No,Yes,Yes,,Yes,No,Yes,Yes,Yes,N/A,Yes,Yes
401,3950,"dot plot, strongly skewed right, peak at 1, long tail extending to 15",https://2xavun1dsa0sayar.public.blob.vercel-storage.com/visuals/vis_final-YBPKElxeHHAhBPdgyYTp7DulbGhIeX.svg,False,Yes,No,Yes,Yes,,Yes,N/A,Yes,Yes,Yes,N/A,Yes,Yes
403,4420,line segment for equilateral triangle construction,https://2xavun1dsa0sayar.public.blob.vercel-storage.com/visuals/vis_final-gV6wNilvg91jbjb8MkiyGF9NyTnBMu.svg,False,Yes,No,Yes,Yes,,No,Yes,Yes,Yes,Yes,N/A,Yes,Yes
404,2962,"coordinate plane grid, -8 to 8 on both axes, with grid lines",https://2xavun1dsa0sayar.public.blob.vercel-storage.com/visuals/vis_final-tlkA4G3yOXbGOXoCNXPH68FyjrqkDH.svg,False,Yes,No,Yes,Yes,,Yes,N/A,Yes,Yes,No,Yes,Yes,Yes
405,3597,"histogram, 0-2 hours: 5 students, 2-4 hours: 12 students, 4-6 hours: 18 students, 6-8 hours: 10 students, 8-10 hours: 3 students, study time distribution",https://2xavun1dsa0sayar.public.blob.vercel-storage.com/visuals/vis_final-JtJVJx75TZln3ILqUs3xuX9oOug0tI.svg,False,Yes,Yes,Yes,Yes,,Yes,No,Yes,Yes,Yes,N/A,Yes,Yes
407,789,"scale factor reference chart showing three sections: scale factor greater than 1 with enlarged square, scale factor equal to 1 with same size square, scale factor less than 1 with smaller square",https://2xavun1dsa0sayar.public.blob.vercel-storage.com/visuals/vis_final-CvKE2oEAQdEQJ7fFr1FySOQ6BXraor.svg,False,Yes,Yes,Yes,Yes,,Yes,Yes,Yes,Yes,Yes,Yes,Yes,Yes
408,3398,"grid, rectangle 6x4 units labeled Rectangle A",https://2xavun1dsa0sayar.public.blob.vercel-storage.com/visuals/vis_final-vXMF6M3gktktU2rPjvyRus4g76daqQ.svg,False,Yes,Yes,No,No,,No,Yes,Yes,No,Yes,Yes,Yes,Yes
411,4871,"tape diagram, 4 groups of 6",https://2xavun1dsa0sayar.public.blob.vercel-storage.com/visuals/vis_final-uQGTNoB4uofEaLx58biMmuZ5TLs4H0.svg,False,Yes,No,Yes,Yes,,Yes,N/A,Yes,Yes,Yes,Yes,Yes,Yes
414,2986,isosceles triangle with perpendicular bisector construction,https://2xavun1dsa0sayar.public.blob.vercel-storage.com/visuals/vis_final-JPX8VslFqDGdcC1p8wfsUm7sSKR1do.svg,False,Yes,Yes,Yes,Yes,,Yes,Yes,Yes,Yes,Yes,Yes,Yes,Yes
416,985,"coordinate plane, rectangle above horizontal dashed line and rectangle below horizontal dashed line, mirror images",https://2xavun1dsa0sayar.public.blob.vercel-storage.com/visuals/vis_final-Kutz0pDL4flaZKbAyoqf115osZN3kG.svg,True,Yes,No,Yes,Yes,,No,No,Yes,No,Yes,N/A,Yes,Yes
418,1027,4 rows of 6 dots,https://2xavun1dsa0sayar.public.blob.vercel-storage.com/visuals/vis_final-Gx6mpCuE6juz37pXpgiu7Su8KcfAva.svg,False,Yes,Yes,,,,Yes,No,N/A,No,Yes,N/A,N/A,N/A
419,2916,parallelogram with base labeled horizontally and height shown as dashed vertical line,https://2xavun1dsa0sayar.public.blob.vercel-storage.com/visuals/vis_final-7CfnpEUuZRL678HWNzOoHKMMBH8yes.svg,False,Yes,No,Yes,Yes,,Yes,Yes,Yes,No,Yes,Yes,Yes,Yes
421,3936,"rectangular prism, 3 × 3 × 5, labeled dimensions",https://2xavun1dsa0sayar.public.blob.vercel-storage.com/visuals/vis_final-SC52KgvKshmaoFmcbJJyiPEgPhL9Gy.svg,False,Yes,No,Yes,Yes,,Yes,N/A,Yes,Yes,Yes,N/A,Yes,Yes
422,1182,two identical houses,https://2xavun1dsa0sayar.public.blob.vercel-storage.com/visuals/vis_final-ob0w8PkMoUaL6W15JS2BluFBidvOru.svg,False,Yes,No,,,,Yes,N/A,N/A,N/A,Yes,N/A,N/A,N/A
424,44,"coordinate plane, triangle on left side and its mirror image on right side showing reflection",https://2xavun1dsa0sayar.public.blob.vercel-storage.com/visuals/vis_final-MdnRfopsLFKG4JId5lTnNDaGV7CHXl.svg,False,Yes,Yes,Yes,Yes,,Yes,Yes,Yes,Yes,Yes,Yes,Yes,Yes
425,2692,"coordinate plane, two lines from origin, steeper line P higher, less steep line Q lower, x-axis: time (minutes), y-axis: bottle caps",https://2xavun1dsa0sayar.public.blob.vercel-storage.com/visuals/vis_final-FALyw35yCFBDxw2ZBG2DATENPL23kc.svg,False,Yes,Yes,Yes,Yes,,Yes,Yes,Yes,Yes,Yes,Yes,Yes,Yes
428,20,rectangle 12 by 5 with dotted line showing split into two equal parts,https://2xavun1dsa0sayar.public.blob.vercel-storage.com/visuals/vis_final-dpt9VfY0hCm3au1xNWasvxqrZmNJux.svg,False,Yes,No,Yes,Yes,,Yes,Yes,No,No,Yes,Yes,Yes,Yes
429,3722,"coordinate plane with numbered x and y axes, 4th degree polynomial curve, no labels or markings on extrema points",https://2xavun1dsa0sayar.public.blob.vercel-storage.com/visuals/vis_final-0Kj9S89eusvxafjZIZ60EgBpNHMB3E.svg,False,Yes,No,Yes,Yes,,Yes,No,Yes,Yes,No,N/A,Yes,Yes
430,977,"L-shaped figure made of two rectangular prisms, front prism 3x3x2, back prism 2x4x2",https://2xavun1dsa0sayar.public.blob.vercel-storage.com/visuals/vis_final-kPWoz4RLDVq3692TAIsea2Q7AF2Bnx.svg,False,Yes,Yes,No,No,,Yes,No,N/A,No,Yes,No,N/A,No
432,4837,"Hispanic heritage flags arranged in a festive banner style: Mexico, Colombia, Puerto Rico, Dominican Republic, Spain, Argentina, Peru, Cuba, Guatemala, Ecuador, Honduras, Nicaragua, Panama, Uruguay, Bolivia, Costa Rica, Venezuela, Paraguay, El Salvador",https://2xavun1dsa0sayar.public.blob.vercel-storage.com/visuals/vis_final-6uZ9E0eQCcDbb7L3l192pXKeevjPHQ.svg,True,Yes,Yes,,,,No,No,N/A,No,No,N/A,N/A,No
434,2150,"number line, 26 + 17",https://2xavun1dsa0sayar.public.blob.vercel-storage.com/visuals/vis_final-ri5b016SpAJwArKGCwU9WZSPP46X5H.svg,False,Yes,No,No,No,,Yes,Yes,No,No,No,Yes,No,No
437,2022,"dot plot, data points at 72, 74, 75, 76, 77, 78, 78, 79, 80, 82, tightly clustered around 77, title Class Test Scores Set 1A",https://2xavun1dsa0sayar.public.blob.vercel-storage.com/visuals/vis_final-cHnMtYUpc2Th4LTgckFaFkgGX7NNC2.svg,False,Yes,No,Yes,Yes,,Yes,No,Yes,Yes,Yes,N/A,Yes,Yes
439,3057,"number line, jumps of 4 seven times to reach 28",https://2xavun1dsa0sayar.public.blob.vercel-storage.com/visuals/vis_final-I56nGRl3OfjMHJNxVR8Jd3yqiNjlEU.svg,False,Yes,Yes,Yes,Yes,,Yes,Yes,Yes,Yes,Yes,Yes,Yes,Yes
440,431,"coordinate plane, line segment CD from C(-1,2) to D(3,4), rotated 180 degrees around point not on the line, showing parallel segments",https://2xavun1dsa0sayar.public.blob.vercel-storage.com/visuals/vis_final-F91aFZVedQ8koEoJt13LabzPM0OmJC.svg,False,Yes,Yes,Yes,Yes,,No,No,No,No,No,Yes,No,No
444,636,3D square pyramid with square base 6x6 and triangular height 5,https://2xavun1dsa0sayar.public.blob.vercel-storage.com/visuals/vis_final-NQkFvH8vFCQoEjvtaWL1Dxw8Ksihnx.svg,False,Yes,No,Yes,Yes,,No,No,No,No,No,Yes,No,No
446,1908,"array diagram, ? rows of 4 dots, total 20",https://2xavun1dsa0sayar.public.blob.vercel-storage.com/visuals/vis_final-HtsZipWENrhsYoon1lMo8rxj7Af9wS.svg,False,Yes,Yes,Yes,Yes,,Yes,No,Yes,Yes,Yes,Yes,Yes,Yes
447,2588,rectangle template showing 2x3 dimensions with grid lines,https://2xavun1dsa0sayar.public.blob.vercel-storage.com/visuals/vis_final-eOp8XMjZNXzE3DMsUoqScK4BdWiSQD.svg,False,Yes,No,Yes,Yes,,Yes,N/A,Yes,Yes,Yes,N/A,Yes,Yes
