test_set_index,original_csv_index,prompt,url,rater,human_coherence,human_signaling,human_label_accuracy,human_labeling,human_comment,claude-sonnet-4-6_coherence,claude-sonnet-4-6_signaling,claude-sonnet-4-6_label_accuracy,claude-sonnet-4-6_labeling,gpt-5.4_coherence,gpt-5.4_signaling,gpt-5.4_label_accuracy,gpt-5.4_labeling
0,2714,"coordinate plane, line y = x + 1 with y-intercept at 1",https://2xavun1dsa0sayar.public.blob.vercel-storage.com/visuals/vis_final-JmrM50cIsCtxJNPhLe3reW7VbktrD5.svg,B,Yes,Yes,Yes,Yes,It is clearly labeled,Yes,No,Yes,No,Yes,Yes,Yes,Yes
1,417,parallelogram with base 6 units and slanted side 4 units labeled,https://2xavun1dsa0sayar.public.blob.vercel-storage.com/visuals/vis_final-L136YSgBY9rYhxzI8ESC0bjrmc51DF.svg,B,Yes,Yes,Yes,Yes,The diagram is clear,Yes,Yes,Yes,Yes,Yes,N/A,Yes,Yes
4,1174,"box plot, Dataset B: minimum 8, Q1 15, median 22, Q3 28, maximum 38",https://2xavun1dsa0sayar.public.blob.vercel-storage.com/visuals/vis_final-v5DiKSNdLbQ2cIBFTG1c58GHWyDhR9.svg,B,Yes,No,Yes,Yes,,Yes,No,N/A,No,Yes,N/A,Yes,Yes
6,2637,"square pyramid net on grid, square base 4 by 4, four triangular faces each with base 4 and height 5",https://2xavun1dsa0sayar.public.blob.vercel-storage.com/visuals/vis_final-c94rfjSftsCXbv0bLDYzXEOOTwiZ7p.svg,B,Yes,Yes,N/A,No,,Yes,No,N/A,No,Yes,N/A,N/A,No
8,3410,"shopping scene with $60 cash, food packages showing $5.29 per pound, and two water bottles at $2.49 each",https://2xavun1dsa0sayar.public.blob.vercel-storage.com/visuals/vis_final-ipOYvVj5wfxagGEd84nbyp7xUESNHX.svg,B,Yes,Yes,Yes,Yes,,No,No,Yes,No,No,No,Yes,No
9,1883,"histogram, hours of sleep for high school students, 6-10 hours range",https://2xavun1dsa0sayar.public.blob.vercel-storage.com/visuals/vis_final-yU61SP7BjsChsBGfJ8thJ7jXGfCSgm.svg,B,Yes,No,No,No,,Yes,No,Yes,Yes,Yes,N/A,Yes,Yes
16,2454,"rotation, point P around center C by 60 degrees counterclockwise, show both original point P and rotated point P'",https://2xavun1dsa0sayar.public.blob.vercel-storage.com/visuals/vis_final-DU6xcIZYjZFA80WLMxkheEGTaro1Jj.svg,B,Yes,Yes,Yes,Yes,,Yes,Yes,Yes,Yes,Yes,Yes,Yes,Yes
17,255,T-shaped figure decomposed into rectangles with measurements,https://2xavun1dsa0sayar.public.blob.vercel-storage.com/visuals/vis_final-SZ8fUT5bQMrSr5zaR2yeU56Mp3wKgE.svg,B,No,Yes,No,No,,No,Yes,No,No,No,Yes,No,No
18,3659,one red heart and one blue triangle,https://2xavun1dsa0sayar.public.blob.vercel-storage.com/visuals/vis_final-enJ32MM362gfBe0gUuEuLf55VZXap0.svg,B,Yes,Yes,Yes,N/A,,Yes,N/A,N/A,N/A,Yes,N/A,N/A,N/A
19,753,"rectangular prism made of unit cubes, 3x3x3 cube",https://2xavun1dsa0sayar.public.blob.vercel-storage.com/visuals/vis_final-TxBuawhB2RwhJfWOR15jrLWcDv4Ygd.svg,B,Yes,No,No,No,,Yes,N/A,N/A,No,Yes,N/A,N/A,N/A
23,1996,"rectangular prism net, showing 6 rectangles: two 4x3, two 4x2, two 3x2",https://2xavun1dsa0sayar.public.blob.vercel-storage.com/visuals/vis_final-4LLUaBLT1piTPlkiIB7ic4szuokvsN.svg,B,Yes,No,Yes,No,,No,No,Yes,Yes,No,No,Yes,No
24,3090,"bar graph, Pet Store Animals. Dogs: 45, Cats: 30, Birds: 25, Fish: 60. Scale by 5.",https://2xavun1dsa0sayar.public.blob.vercel-storage.com/visuals/vis_final-ngnj8V2293ypDoeuFKICh7oG4H05T7.svg,B,Yes,Yes,Yes,Yes,,Yes,No,Yes,No,Yes,No,Yes,Yes
25,843,"number line, 0 to 1, fourths",https://2xavun1dsa0sayar.public.blob.vercel-storage.com/visuals/vis_final-pXbrHPeaRRq3qkvlDsRi0Bzn3PSh4R.svg,B,Yes,N/A,Yes,Yes,,Yes,N/A,Yes,Yes,Yes,N/A,Yes,Yes
27,4102,"coordinate grid, -6 to 6, no symbols at center",https://2xavun1dsa0sayar.public.blob.vercel-storage.com/visuals/vis_final-ONeMZiZqdsq6rYsUzf4gzecYhPa4PA.svg,B,Yes,Yes,Yes,Yes,,Yes,N/A,Yes,Yes,No,N/A,No,No
28,4316,"line graph, Crime Rate vs Population: Population 50000 Crime Rate 30, Population 100000 Crime Rate 35, Population 150000 Crime Rate 32, Population 200000 Crime Rate 28, Population 250000 Crime Rate 25 per 1000 people",https://2xavun1dsa0sayar.public.blob.vercel-storage.com/visuals/vis_final-mUfg38cJu3DCO2P3mlpbk6frv1GA4x.svg,B,Yes,Yes,Yes,Yes,,Yes,No,Yes,Yes,Yes,Yes,No,Yes
29,881,"triangle with sides 9, 6, and 7, perpendicular height 4 from side length 9 to opposite vertex",https://2xavun1dsa0sayar.public.blob.vercel-storage.com/visuals/vis_final-v6WKSpvtaSd1T6T5yUKnJl3a0ufmrr.svg,B,Yes,Yes,No,No,,Yes,Yes,Yes,Yes,Yes,Yes,Yes,Yes
30,1029,"coordinate grid showing transformation maze: start with two parallel horizontal lines at y=1 and y=3, then translate right 4 units, then reflect over y-axis, then rotate 90 degrees clockwise around origin, show all steps with arrows and labels",https://2xavun1dsa0sayar.public.blob.vercel-storage.com/visuals/vis_final-tsNdTL1lGoJBVpmwTIC6Cjgt6Zn48s.svg,B,No,Yes,Yes,Yes,,Yes,Yes,No,No,No,Yes,No,No
31,3174,"triangle with angles 65°, 47°, and unknown angle",https://2xavun1dsa0sayar.public.blob.vercel-storage.com/visuals/vis_final-ciYQAJxejr7GUBhh4DNGElHKACscvx.svg,B,Yes,No,Yes,No,,Yes,N/A,Yes,Yes,Yes,N/A,Yes,Yes
35,2661,hand showing open circle gesture vs closed fist for inequality symbols,https://2xavun1dsa0sayar.public.blob.vercel-storage.com/visuals/vis_final-BvzHBo62fIblwLM8CXRmNWMe7qWJFi.svg,B,Yes,Yes,Yes,Yes,,Yes,Yes,Yes,Yes,Yes,Yes,Yes,Yes
36,4272,"grid with visible gridlines, basic composite shape made of rectangles with clear square units",https://2xavun1dsa0sayar.public.blob.vercel-storage.com/visuals/vis_final-QaWcY7Hcybhh1UBCVh6vEfBwPkktki.svg,B,Yes,No,N/A,No,,Yes,No,N/A,No,Yes,N/A,N/A,Yes
38,676,"fraction bars, 15/6",https://2xavun1dsa0sayar.public.blob.vercel-storage.com/visuals/vis_final-Qy3PZjn46BWlBGLdXkZg9zoxtuBwKB.svg,B,Yes,No,Yes,Yes,,Yes,Yes,No,Yes,No,Yes,No,Yes
39,2645,Two rectangular prisms attached. First prism: 3 cubes by 4 cubes by 2 cubes. Second prism: 3 cubes by 2 cubes by 4 cubes.,https://2xavun1dsa0sayar.public.blob.vercel-storage.com/visuals/vis_final-GPDo4Qt2hIlftstkJBrWtVk0ys4xXO.svg,B,Yes,No,N/A,N/A,,Yes,No,N/A,No,Yes,No,N/A,No
40,435,"coordinate plane, line segment AB from A(2,3) to B(6,1), and its 180-degree rotation around midpoint",https://2xavun1dsa0sayar.public.blob.vercel-storage.com/visuals/vis_final-Hg2FqqxKhPz2ZWVzhxghcoVO8MeD8m.svg,B,Yes,No,Yes,Yes,,Yes,No,Yes,Yes,Yes,Yes,Yes,Yes
42,3434,"grid squares, 3x3 square made of unit squares, labeled Step 3",https://2xavun1dsa0sayar.public.blob.vercel-storage.com/visuals/vis_final-Nies7AUvOFUtBXgoZl5UFcyZOAOm8s.svg,B,Yes,No,Yes,Yes,,Yes,No,Yes,No,Yes,N/A,Yes,Yes
44,1643,"coordinate plane, line through origin with points at (1,3), (2,6), and (4,12) clearly labeled, axes labeled x and y, grid lines visible, clean simple design",https://2xavun1dsa0sayar.public.blob.vercel-storage.com/visuals/vis_final-Ddub33dQ30orkVkwvcPM7ANoDOHuEl.svg,B,No,No,Yes,Yes,,Yes,Yes,Yes,Yes,Yes,Yes,Yes,Yes
45,4987,"two similar triangles ABC and DEF, triangle ABC has side AB = 7 cm and angle C = 58°, show corresponding parts",https://2xavun1dsa0sayar.public.blob.vercel-storage.com/visuals/vis_final-Rb66zitcBbok9DFZf0oC9UUguSgLt8.svg,B,No,Yes,No,Yes,,No,Yes,Yes,Yes,No,Yes,No,Yes
46,3836,"stacked rectangular prisms forming step shape, no labels or numbers",https://2xavun1dsa0sayar.public.blob.vercel-storage.com/visuals/vis_final-hbaIwk8ORQGAiZCuYM7s4QZNcohDyi.svg,B,Yes,N/A,N/A,N/A,,Yes,N/A,N/A,N/A,Yes,N/A,N/A,N/A
48,1651,"coordinate plane showing two intersecting lines with intersection at origin, forming four angles",https://2xavun1dsa0sayar.public.blob.vercel-storage.com/visuals/vis_final-vmqPTh5rYN1o7F0dUAsYCZZNPRp6NK.svg,B,No,Yes,No,No,,No,Yes,Yes,No,Yes,Yes,Yes,Yes
49,3878,"T-shaped figure made of 2 rectangular prisms, no labels or numbers",https://2xavun1dsa0sayar.public.blob.vercel-storage.com/visuals/vis_final-mN2HDlfU51EfZIG8yHlicP4fYtngNj.svg,B,Yes,Yes,Yes,Yes,,Yes,No,N/A,N/A,Yes,N/A,N/A,N/A
50,427,"coordinate plane, right triangle ABC at origin with vertices A(0,0), B(3,0), C(0,4), and three rotations creating four-triangle pattern around center point",https://2xavun1dsa0sayar.public.blob.vercel-storage.com/visuals/vis_final-lDXC0h415NvBGpB0cJg1ZkzglxmjML.svg,B,Yes,Yes,Yes,Yes,,Yes,Yes,No,No,No,Yes,No,No
52,4636,"rectangular prisms, three small connected boxes, box A 2x1x1, box B 1x2x1, box C 1x1x2",https://2xavun1dsa0sayar.public.blob.vercel-storage.com/visuals/vis_final-4c4tzSRUqaqGzxH9GVSWEpG0CteTWH.svg,B,Yes,No,Yes,Yes,,Yes,Yes,Yes,Yes,No,N/A,Yes,Yes
54,2722,"coordinate plane, line through origin with slope -2, y = -2x",https://2xavun1dsa0sayar.public.blob.vercel-storage.com/visuals/vis_final-pxbeux7SrL6G9dNA57jAuwX2I3FmlW.svg,B,Yes,Yes,Yes,Yes,,Yes,No,Yes,No,Yes,No,Yes,No
55,1341,"picture graph, favorite pets, dog cat bird symbols, with key",https://2xavun1dsa0sayar.public.blob.vercel-storage.com/visuals/vis_final-V3d3FXf8fqsZTbQoK1dncVbxgbU0A5.svg,B,Yes,Yes,Yes,Yes,,No,N/A,Yes,No,No,N/A,Yes,Yes
56,4336,"coordinate plane with triangle ABC vertices at (1,1), (3,1), (2,3) and scaled copy DEF with scale factor 2",https://2xavun1dsa0sayar.public.blob.vercel-storage.com/visuals/vis_final-R6lpRLNApNDM8VnVYsbKA66VnuKsZV.svg,B,Yes,No,Yes,Yes,,Yes,Yes,Yes,Yes,Yes,Yes,Yes,No
59,4065,"two triangles side by side, Triangle ABC with sides 3, 4, 5 and Triangle DEF with sides 6, 8, 10",https://2xavun1dsa0sayar.public.blob.vercel-storage.com/visuals/vis_final-9zZFocfm3YguZFBfsvIZdEPoTzvOlL.svg,B,Yes,N/A,Yes,Yes,,Yes,No,Yes,Yes,Yes,N/A,Yes,Yes
61,2329,"rectangle with tick marks on top edge only, 6 tick marks across top, left side labeled 3 meters",https://2xavun1dsa0sayar.public.blob.vercel-storage.com/visuals/vis_final-QIAWMV8LsYD3QegxwpBork1FalJzWu.svg,B,Yes,No,Yes,Yes,,No,N/A,Yes,Yes,No,N/A,Yes,Yes
62,4464,"rectangular prism figure made of 2 prisms, 2 cm × 4 cm × 3 cm bottom prism, 3 cm × 4 cm × 1 cm top prism",https://2xavun1dsa0sayar.public.blob.vercel-storage.com/visuals/vis_final-nTq2Sz5eeQLG8aDuAuHozlerceacNb.svg,B,Yes,No,Yes,Yes,,Yes,No,Yes,Yes,Yes,Yes,No,Yes
63,2020,"box plot, min=72, Q1=75, median=77.5, Q3=79, max=82, title Class Test Scores Set 1A",https://2xavun1dsa0sayar.public.blob.vercel-storage.com/visuals/vis_final-oooK0hnTP5FVlzfdVqvCv6BYFw95cN.svg,B,Yes,No,No,Yes,,Yes,No,Yes,No,Yes,N/A,N/A,No
64,2712,visual showing scale factor 2 with original rectangle 3x4 and scaled copy 6x8,https://2xavun1dsa0sayar.public.blob.vercel-storage.com/visuals/vis_final-MTcWcpl7NM94aVD8czCHSf3YsZSRw4.svg,B,Yes,Yes,Yes,Yes,,Yes,Yes,Yes,Yes,No,Yes,No,No
68,3956,square pyramid net with 1 square base and 4 triangular faces,https://2xavun1dsa0sayar.public.blob.vercel-storage.com/visuals/vis_final-gkH8P0rI1ZS0kVUNICSRzTBxTnAiaa.svg,B,Yes,Yes,Yes,Yes,,Yes,No,N/A,No,Yes,N/A,N/A,N/A
69,200,"two identical hexagons, one reflected across a vertical line",https://2xavun1dsa0sayar.public.blob.vercel-storage.com/visuals/vis_final-X0YtSuVUE6qRuuoVFvEECePWa9RHz5.svg,B,Yes,No,N/A,No,,Yes,Yes,N/A,No,Yes,Yes,N/A,No
70,2478,fraction bar showing 3/4 as 3 parts out of 4 equal parts,https://2xavun1dsa0sayar.public.blob.vercel-storage.com/visuals/vis_final-XqBpyD8S3ubsuSIRQwFpQGN9LN1hpl.svg,B,Yes,No,Yes,Yes,,No,No,No,No,No,No,No,Yes
71,4761,"rectangular prism, 1 cm × 2 cm × 12 cm, labeled dimensions",https://2xavun1dsa0sayar.public.blob.vercel-storage.com/visuals/vis_final-ZjRlZeTE8eLvV5cvzc8FI5jtCUq6qA.svg,B,Yes,Yes,Yes,Yes,,Yes,N/A,Yes,Yes,Yes,N/A,Yes,Yes
72,1629,"coordinate plane, steep line y = 2x then becomes y = x after x=3, two different slopes connected, axes labeled x and y, grid lines, title 'Changes slope'",https://2xavun1dsa0sayar.public.blob.vercel-storage.com/visuals/vis_final-kzkArefVkqzIZ0xzk04o3J8NygLHEu.svg,B,Yes,Yes,No,No,,Yes,Yes,Yes,Yes,No,Yes,Yes,Yes
75,2347,rectangular door with diagonal brace creating two triangles,https://2xavun1dsa0sayar.public.blob.vercel-storage.com/visuals/vis_final-qKDC0FYdRatF3PvGa92TY9doKgj6is.svg,B,Yes,No,Yes,Yes,,No,No,Yes,No,No,Yes,Yes,Yes
79,3902,"rectangular prism, 4x3x2, partially filled with cubes showing 2 complete layers and 1 incomplete layer with 6 cubes",https://2xavun1dsa0sayar.public.blob.vercel-storage.com/visuals/vis_final-MetLITjz6XE9drrvi1aZx71s21c420.svg,B,Yes,Yes,Yes,Yes,,No,No,N/A,No,Yes,No,N/A,No
80,1157,"triangle with angles 60 degrees and 30 degrees, one side labeled 7 cm",https://2xavun1dsa0sayar.public.blob.vercel-storage.com/visuals/vis_final-MX0yfAXBoSuSfW6sw4O2ZqyqwPGJr9.svg,B,Yes,No,Yes,Yes,,Yes,No,Yes,Yes,Yes,Yes,Yes,Yes
86,4386,construction workspace grid,https://2xavun1dsa0sayar.public.blob.vercel-storage.com/visuals/vis_final-FlVSfphaDivBz8OliDEe4p1sgbSGkP.svg,B,No,No,N/A,No,,Yes,N/A,N/A,No,Yes,Yes,N/A,N/A
89,279,coordinate plane showing rectangular prism dimensions as ordered pairs,https://2xavun1dsa0sayar.public.blob.vercel-storage.com/visuals/vis_final-QyiS4oPAAbBnaHdvMuwJiG8La2BafW.svg,B,Yes,Yes,Yes,Yes,,Yes,Yes,No,No,No,Yes,Yes,No
94,2283,"parallelogram with base 7.5 cm, side 9 cm, height 6 cm",https://2xavun1dsa0sayar.public.blob.vercel-storage.com/visuals/vis_final-1VETKFH1AgrLQbLOqZsXPcpasrMv5h.svg,B,Yes,Yes,Yes,Yes,,Yes,Yes,Yes,Yes,Yes,Yes,Yes,Yes
95,1785,"number line, 0 to 1, marked at 1/2, point at 1/3",https://2xavun1dsa0sayar.public.blob.vercel-storage.com/visuals/vis_final-2BJxiUGlGpd5nBb1iR1aVlJvxOA5st.svg,B,Yes,Yes,No,Yes,,Yes,Yes,Yes,No,Yes,Yes,Yes,No
96,4023,"coordinate plane, rectangle with vertices at (0,0), (2,0), (2,3), (0,3), no axis labels",https://2xavun1dsa0sayar.public.blob.vercel-storage.com/visuals/vis_final-kRbOFbJHJnzsX0oZLp9pZytOGvmgpG.svg,B,No,Yes,No,No,,No,Yes,Yes,No,No,Yes,N/A,Yes
98,901,"fraction strips, 3/8 vs 5/8, same denominator strips",https://2xavun1dsa0sayar.public.blob.vercel-storage.com/visuals/vis_final-PAHdodBTkQQMF48CwduDNj0hqGeotz.svg,B,Yes,Yes,Yes,Yes,,Yes,Yes,Yes,Yes,Yes,Yes,Yes,Yes
99,2274,"Triangle DEF with vertices labeled D, E, F, side length 12 units, distance from D to F is 9 units",https://2xavun1dsa0sayar.public.blob.vercel-storage.com/visuals/vis_final-qUXtcvqiHoRfoHaibc45Djup1xZygY.svg,B,No,Yes,No,No,,Yes,Yes,Yes,Yes,No,Yes,Yes,Yes
100,2,"3D triangular prism with line pointing to face labeled Face, line pointing to vertex labeled Vertex, line pointing to edge labeled Edge",https://2xavun1dsa0sayar.public.blob.vercel-storage.com/visuals/vis_final-iIqHFy8Y0byRRzjrNiu7gBlpzeTquf.svg,B,Yes,Yes,Yes,Yes,,Yes,Yes,Yes,Yes,Yes,Yes,No,Yes
103,3482,"A table with two columns, 'Pizzas (x)' and 'Cost (y)'. The data shows: 1 pizza for $10, 2 pizzas for $20, and 3 pizzas for $30.",https://2xavun1dsa0sayar.public.blob.vercel-storage.com/visuals/vis_candidate-JMH4aC1tPPlEsATgK9CRMSghIkrlNg.svg,B,Yes,Yes,Yes,Yes,,Yes,No,Yes,Yes,Yes,N/A,Yes,Yes
104,4358,"triangle with exterior angle, interior angles A=65°, exterior angle D=125°",https://2xavun1dsa0sayar.public.blob.vercel-storage.com/visuals/vis_final-cyLBePIgmsZ07aHTW9jC6C0BtaRPrj.svg,B,Yes,No,No,No,,Yes,Yes,No,Yes,Yes,Yes,No,Yes
105,3770,"rectangular prism net, 10 mm by 6 mm by 4 mm",https://2xavun1dsa0sayar.public.blob.vercel-storage.com/visuals/vis_final-RcYXUAmBmvfYFJDDJkbeQ1z6VvwkWM.svg,B,Yes,No,Yes,Yes,,No,No,No,No,Yes,No,Yes,Yes
107,1013,"base 10 blocks, 23",https://2xavun1dsa0sayar.public.blob.vercel-storage.com/visuals/vis_final-whV10QvZ1LFghKRTi2LLHIHUYpRaeX.svg,B,No,No,Yes,Yes,,Yes,No,N/A,No,Yes,N/A,N/A,N/A
109,2436,fraction strip showing 1 divided into 5 equal parts,https://2xavun1dsa0sayar.public.blob.vercel-storage.com/visuals/vis_final-HyvjVKAnpAeAQRq42A4yC4zd3kazJE.svg,B,Yes,No,Yes,Yes,,Yes,No,Yes,Yes,Yes,N/A,Yes,Yes
110,1117,pentagonal prism showing net layout,https://2xavun1dsa0sayar.public.blob.vercel-storage.com/visuals/vis_final-2voSs8QAFLrH6w7Jcs7FnZUoVkueNG.svg,B,No,Yes,No,No,,Yes,No,N/A,No,Yes,No,N/A,No
115,3348,"grid, hexagon with all sides 4 units labeled Hexagon A",https://2xavun1dsa0sayar.public.blob.vercel-storage.com/visuals/vis_final-nip0W9hXoHZYZctWJCZTAuOfowybLP.svg,B,Yes,No,Yes,Yes,,Yes,N/A,Yes,Yes,Yes,N/A,Yes,Yes
116,3987,"two triangles side by side, Triangle ABC with sides labeled 4, 5, 6 and Triangle DEF with one side labeled with question mark, one side labeled 7.5, one side labeled 9",https://2xavun1dsa0sayar.public.blob.vercel-storage.com/visuals/vis_final-2PIpdF7ObCChr4AmqDpDjUbDyk4GuA.svg,B,Yes,No,Yes,Yes,,Yes,No,Yes,Yes,Yes,No,Yes,Yes
117,3991,L-shaped prism with dotted line showing how to split it into two rectangular pieces,https://2xavun1dsa0sayar.public.blob.vercel-storage.com/visuals/vis_final-4P5Mtgu4P40zOChRLO347ZlgpObrPT.svg,B,Yes,Yes,Yes,No,,Yes,Yes,N/A,No,Yes,Yes,N/A,N/A
118,3262,"division diagram, 5 ÷ 3",https://2xavun1dsa0sayar.public.blob.vercel-storage.com/visuals/vis_final-bAxhkQXzi94H442SdOTj4gHupRFaxG.svg,B,Yes,Yes,Yes,Yes,,Yes,No,Yes,No,Yes,N/A,Yes,Yes
119,4715,"coordinate plane, point S(2,3) with reflection over x-axis then 90° counterclockwise rotation sequence, and reverse order sequence",https://2xavun1dsa0sayar.public.blob.vercel-storage.com/visuals/vis_final-drmt2Rcsj4JVn487Cgt4i1LCXi7tnQ.svg,B,Yes,Yes,Yes,Yes,It is clear,Yes,Yes,Yes,Yes,Yes,Yes,Yes,Yes
120,1573,"area model, 1 1/4 x 5, show unit squares with grid lines",https://2xavun1dsa0sayar.public.blob.vercel-storage.com/visuals/vis_final-dU4lAcu6AHoKbcDcwXelgFIaeb2OWi.svg,B,Yes,No,Yes,Yes,,Yes,Yes,Yes,Yes,Yes,Yes,Yes,Yes
121,391,"rectangular prism made of unit cubes, 4 layers, 8 cubes per layer",https://2xavun1dsa0sayar.public.blob.vercel-storage.com/visuals/vis_final-YvNpw21OVSX4DSrH8aHLNTPsd27T9A.svg,B,Yes,No,N/A,N/A,,No,No,N/A,No,Yes,No,N/A,No
127,735,"rectangular prism made of unit cubes, 4x2x5",https://2xavun1dsa0sayar.public.blob.vercel-storage.com/visuals/vis_final-gQWya8TYX6lytH2oDK0rIW7wyZRBmr.svg,B,Yes,Yes,No,Yes,,Yes,No,N/A,No,Yes,N/A,N/A,No
129,2659,step by step finger counting for solving inequalities,https://2xavun1dsa0sayar.public.blob.vercel-storage.com/visuals/vis_final-zn2DKnur8re4uNfwzxb0oxOE5GPjOe.svg,B,Yes,Yes,Yes,Yes,,Yes,Yes,Yes,Yes,No,Yes,Yes,No
130,4138,"number line, 1300 to 1400, show 1347 and mark both 1300 and 1400",https://2xavun1dsa0sayar.public.blob.vercel-storage.com/visuals/vis_final-xsBfxn8rYA7tIZ0EHqmYYDUjy91Wh2.svg,B,Yes,No,Yes,Yes,,Yes,No,Yes,No,Yes,Yes,Yes,No
131,2574,"3D rectangular prism composite figure, storage unit with larger section 6x5x8 ft connected to smaller section 4x3x8 ft",https://2xavun1dsa0sayar.public.blob.vercel-storage.com/visuals/vis_final-i88TuiYX4gUKkksagFmr0cq0kzN9w6.svg,B,Yes,No,Yes,Yes,,No,No,No,No,No,No,No,No
133,1619,"coordinate plane, y = x^2, parabola",https://2xavun1dsa0sayar.public.blob.vercel-storage.com/visuals/vis_final-9iraTJs1eJjj47DYbinpZu6hAFJLQe.svg,B,Yes,Yes,Yes,Yes,,Yes,No,Yes,No,Yes,Yes,Yes,Yes
135,3408,"large coordinate grid without numbers, triangle JKL positioned in upper center area, point K' positioned down and to the right, and horizontal line n in the bottom quarter of the grid",https://2xavun1dsa0sayar.public.blob.vercel-storage.com/visuals/vis_final-N8Fis5AZYves4fCfOpQGFeCKUVUn86.svg,B,Yes,No,Yes,Yes,,Yes,No,Yes,Yes,No,No,Yes,Yes
136,232,"rectangle divided into 2 equal parts, 1 part shaded",https://2xavun1dsa0sayar.public.blob.vercel-storage.com/visuals/vis_final-CnqCaINm2yfBipvmgK1yN5Jl72loz4.svg,B,Yes,No,Yes,Yes,,Yes,Yes,N/A,No,Yes,Yes,N/A,N/A
138,3810,"dot pattern card, 4 dots in L-shape arrangement",https://2xavun1dsa0sayar.public.blob.vercel-storage.com/visuals/vis_final-gFrLMi28LQvWvo7bXQU52XiLouqnR4.svg,B,Yes,No,Yes,Yes,,Yes,N/A,N/A,N/A,Yes,N/A,N/A,N/A
140,2458,"isometric grid, hexagon HJKLMN with center around origin, and points O and P below the hexagon",https://2xavun1dsa0sayar.public.blob.vercel-storage.com/visuals/vis_final-6NifS80RHKsMUF8LNWV81kD9WS2wca.svg,B,Yes,Yes,Yes,Yes,,No,No,Yes,Yes,Yes,No,Yes,Yes
141,3615,"L-shaped figure made of two rectangular prisms, one section completely filled, other section partially filled",https://2xavun1dsa0sayar.public.blob.vercel-storage.com/visuals/vis_final-gYcnotdRLKY70jJA2rFylgcggGSVQB.svg,B,Yes,Yes,N/A,N/A,,No,No,N/A,No,Yes,Yes,N/A,N/A
142,3316,"composite figure made of two rectangular prisms, one 6 x 2 x 3 on top of another 4 x 4 x 3",https://2xavun1dsa0sayar.public.blob.vercel-storage.com/visuals/vis_final-9aHkFztY98Rl7TaSFvzTjyyVd3mrvY.svg,B,Yes,Yes,N/A,No,,Yes,No,N/A,No,Yes,No,N/A,No
143,4073,Grid paper with a small rectangle (2x3) and spaces to draw scaled copies,https://2xavun1dsa0sayar.public.blob.vercel-storage.com/visuals/vis_final-52p7RqzfQBGNvDV9aAoURqx0THJyJU.svg,B,Yes,Yes,No,Yes,,Yes,No,Yes,No,No,Yes,No,Yes
144,3706,one soccer ball and one basketball side by side,https://2xavun1dsa0sayar.public.blob.vercel-storage.com/visuals/vis_final-CE85HZ8pyHaEvhzZetNfdjFvToYuWh.svg,B,Yes,No,N/A,No,,No,No,N/A,No,No,N/A,N/A,N/A
145,4154,"dot plot, symmetric distribution, bell-shaped, centered around 5",https://2xavun1dsa0sayar.public.blob.vercel-storage.com/visuals/vis_final-H2zlSoprworiMuVueLngrBA0Ircw5Z.svg,B,Yes,Yes,Yes,Yes,,Yes,No,Yes,No,Yes,N/A,Yes,Yes
148,4585,"rectangular prism, 2 x 3 x 4",https://2xavun1dsa0sayar.public.blob.vercel-storage.com/visuals/vis_final-R0JAWLFe4KHnkUOEKA3w170liL6lVT.svg,B,Yes,No,N/A,No,,Yes,No,N/A,No,Yes,N/A,N/A,Yes
149,2576,"horizontal bar graph, Transportation to School. Categories: Bus 18, Car 14, Walk 9, Bike 6. Professional looking for grade 2",https://2xavun1dsa0sayar.public.blob.vercel-storage.com/visuals/vis_final-X3pSC7BxE7A6r35axDj60POXdf1YAt.svg,B,Yes,Yes,Yes,Yes,It is well structured,Yes,No,Yes,No,No,N/A,Yes,Yes
151,3420,number line showing inequality solution with arrows,https://2xavun1dsa0sayar.public.blob.vercel-storage.com/visuals/vis_final-VjMREEFzNLaq7zq1jDLLHe4lROygop.svg,B,Yes,Yes,Yes,Yes,,Yes,Yes,Yes,No,Yes,Yes,Yes,Yes
152,1421,"histogram, blank with ranges 0-2, 2-4, 4-6, 6-8, 8-10, 10-12, 12-14",https://2xavun1dsa0sayar.public.blob.vercel-storage.com/visuals/vis_final-UXzrT0SPdXHQJxRiYSKUQkvYstxoUH.svg,B,Yes,N/A,Yes,Yes,,Yes,N/A,Yes,No,Yes,N/A,Yes,No
153,238,"L-shaped 3D figure made of unit cubes: vertical part 2 units wide, 5 units tall, 4 units deep, horizontal part 4 units long, 2 units wide, 4 units deep, clearly showing both parts",https://2xavun1dsa0sayar.public.blob.vercel-storage.com/visuals/vis_final-9PuJQxkZ5ucyXnbJ3ttQiix6SWanXf.svg,B,Yes,No,N/A,No,,No,No,N/A,No,Yes,No,N/A,No
154,2908,parallelogram with incorrect height line that is not perpendicular to base,https://2xavun1dsa0sayar.public.blob.vercel-storage.com/visuals/vis_final-66dxpWv8AgvKabXS2kj2tAvDQf9Nd2.svg,B,Yes,Yes,Yes,Yes,,Yes,Yes,Yes,Yes,Yes,Yes,Yes,Yes
158,4228,"parallelogram on grid paper, show cutting and rearranging into rectangle",https://2xavun1dsa0sayar.public.blob.vercel-storage.com/visuals/vis_final-cOgBYYyR6zLjcjOntKIkqFB2tVEfRe.svg,B,Yes,Yes,Yes,Yes,,Yes,Yes,No,No,No,Yes,N/A,No
160,4885,"rectangular prism made of unit cubes, 3 by 3 by 3",https://2xavun1dsa0sayar.public.blob.vercel-storage.com/visuals/vis_final-C5UqNrYPnRRzurbUCNOjKEab1CkOUP.svg,B,Yes,No,N/A,No,,Yes,No,N/A,No,Yes,N/A,N/A,N/A
162,2626,"parallel lines cut by transversal, angles numbered 1-8",https://2xavun1dsa0sayar.public.blob.vercel-storage.com/visuals/vis_final-YGi8unvwud3PWZKwHXxMJjyFzdvuJ8.svg,B,Yes,Yes,No,Yes,,Yes,No,Yes,Yes,Yes,N/A,Yes,Yes
163,871,"base 10 blocks, 13",https://2xavun1dsa0sayar.public.blob.vercel-storage.com/visuals/vis_final-QdnY5pN164f9OD5Eg99tAzVFo24VMM.svg,B,Yes,No,N/A,N/A,,Yes,No,N/A,No,Yes,N/A,N/A,N/A
166,3870,"step-shaped figure made of 2 rectangular prisms stacked vertically, no labels or numbers",https://2xavun1dsa0sayar.public.blob.vercel-storage.com/visuals/vis_final-pJhOVQOb2mZbX7TxxxQjpDtqxm6TJE.svg,B,Yes,No,N/A,No,,Yes,No,N/A,N/A,Yes,N/A,N/A,N/A
168,717,"coordinate plane, rectangle with vertices at (-3,-1), (-3,-4), (2,-4), (2,-1), reflect over y-axis",https://2xavun1dsa0sayar.public.blob.vercel-storage.com/visuals/vis_final-N7Cu3G64gtbO2BCxJU9yQpgsiHykb1.svg,B,Yes,Yes,Yes,Yes,,No,Yes,No,No,No,Yes,No,No
170,1035,"array model, 12 x 2, rectangular array",https://2xavun1dsa0sayar.public.blob.vercel-storage.com/visuals/vis_final-ERTBRP8zEXlxK1lW6Wb3666MkQi8xn.svg,B,Yes,Yes,N/A,No,,No,No,N/A,No,No,Yes,N/A,No
171,499,"base 10 blocks, 347",https://2xavun1dsa0sayar.public.blob.vercel-storage.com/visuals/vis_final-t2vJ5EdFui6iEaeVvAemqwoQGmZ8B4.svg,B,Yes,No,No,No,,Yes,No,N/A,No,Yes,N/A,N/A,N/A
172,1759,"rectangular prism base only, 2 by 5 units, area = 10 square units",https://2xavun1dsa0sayar.public.blob.vercel-storage.com/visuals/vis_final-OyDFx78lwPqq7hjnYwT6YEVRpSHEwz.svg,B,Yes,Yes,Yes,No,,Yes,Yes,Yes,Yes,Yes,N/A,Yes,Yes
174,1581,"area model, 3 1/2 x 2, show unit squares with grid lines",https://2xavun1dsa0sayar.public.blob.vercel-storage.com/visuals/vis_final-2V5YyvwDBfsX4g3UDOpWK9eXw4ggUo.svg,B,Yes,Yes,No,No,,Yes,No,Yes,No,Yes,N/A,Yes,Yes
179,4965,"visual comparison showing scale drawing vs actual object, small rectangle labeled '1 cm' next to larger rectangle labeled '2 m'",https://2xavun1dsa0sayar.public.blob.vercel-storage.com/visuals/vis_final-FyIC4Mz2fz0GqMA6HOeBNB5w1PNu6V.svg,B,Yes,No,Yes,Yes,,Yes,No,Yes,Yes,Yes,N/A,Yes,Yes
181,4745,"number line, blank with tick marks from -10 to 10",https://2xavun1dsa0sayar.public.blob.vercel-storage.com/visuals/vis_final-fjZ1gNJVsn3ZSnm1HxuJbY3LPH7uDR.svg,B,Yes,Yes,Yes,Yes,,Yes,N/A,Yes,Yes,No,N/A,Yes,No
182,4294,"triangle, base 6 units, height 4 units, on grid",https://2xavun1dsa0sayar.public.blob.vercel-storage.com/visuals/vis_final-N663AQlMZHSJggSzSYIud2ieob5LmD.svg,B,Yes,Yes,Yes,Yes,,Yes,Yes,Yes,Yes,Yes,Yes,Yes,Yes
186,4128,"parallelogram on grid, 5 by 3 units",https://2xavun1dsa0sayar.public.blob.vercel-storage.com/visuals/vis_final-aVJlj0FI4yOX8aYZ7TNqRZzyJEUOgd.svg,B,Yes,Yes,No,No,,Yes,Yes,N/A,No,Yes,Yes,N/A,No
187,1649,"three lines meeting at one point, creating six angles around the intersection",https://2xavun1dsa0sayar.public.blob.vercel-storage.com/visuals/vis_final-oKfGBnY4c47H0H54Z1Tu9Fsm0vdrjg.svg,B,Yes,N/A,No,Yes,,Yes,N/A,No,No,No,No,No,No
188,4256,"box plot with whiskers, showing Q1=3, median=5, Q3=7, min=1, max=9",https://2xavun1dsa0sayar.public.blob.vercel-storage.com/visuals/vis_final-VS7LF5SxKxiU6KsfIupMY62A8uWuxx.svg,B,Yes,No,Yes,Yes,,Yes,No,Yes,Yes,Yes,N/A,Yes,Yes
191,909,"rectangle, 24 by 36 grid, divided into 6x6 squares",https://2xavun1dsa0sayar.public.blob.vercel-storage.com/visuals/vis_final-34m3rExNe4C4aagFEfv70YugtdaxKt.svg,B,Yes,No,No,No,,Yes,Yes,N/A,No,Yes,Yes,N/A,N/A
192,339,"rectangular prism made of unit cubes, 4 cubes long by 2 cubes wide by 3 cubes tall, all 24 cubes visible",https://2xavun1dsa0sayar.public.blob.vercel-storage.com/visuals/vis_final-gUlsvcmvZ8PHZfYlm8ZaojEzId3wtp.svg,B,Yes,N/A,N/A,No,,Yes,N/A,N/A,No,Yes,N/A,N/A,N/A
194,4482,"rectangular prism figure made of 2 prisms, 5 ft × 3 ft × 2 ft bottom prism, 1 ft × 3 ft × 3 ft top prism",https://2xavun1dsa0sayar.public.blob.vercel-storage.com/visuals/vis_final-2eAOWKnk5za4coej7zPbhQOW2mCKPo.svg,B,Yes,N/A,Yes,Yes,,Yes,No,No,No,Yes,No,No,No
197,1970,"triangular prism net, labeled with dimensions showing efficient grouping",https://2xavun1dsa0sayar.public.blob.vercel-storage.com/visuals/vis_final-CKX1kc1qTwwNH4bfIXoew4zodaTVti.svg,B,Yes,Yes,Yes,Yes,,Yes,Yes,Yes,Yes,No,Yes,No,No
198,3824,"dot pattern card, 2 dots arranged vertically",https://2xavun1dsa0sayar.public.blob.vercel-storage.com/visuals/vis_final-oTXDeC8fG8zejTexpcFXmoniLrakNL.svg,B,Yes,No,N/A,N/A,,Yes,N/A,N/A,N/A,Yes,N/A,N/A,N/A
199,4610,hexagonal prism 3d shape,https://2xavun1dsa0sayar.public.blob.vercel-storage.com/visuals/vis_final-HsrzZxlQxUDM77R3AXMcY03FXzfWzs.svg,B,Yes,N/A,N/A,N/A,,Yes,No,N/A,No,Yes,N/A,N/A,N/A
200,46,"coordinate plane, rectangle with top edge horizontal, then same rectangle with top edge now vertical showing rotation",https://2xavun1dsa0sayar.public.blob.vercel-storage.com/visuals/vis_final-L9FI2kOOuVAWdadDU5bPd0lL86RLXq.svg,B,Yes,No,Yes,No,,Yes,Yes,Yes,Yes,No,Yes,Yes,Yes
202,2686,"coordinate plane, line through origin and point (1,0.8), unlabeled axes",https://2xavun1dsa0sayar.public.blob.vercel-storage.com/visuals/vis_final-nbSEz07WawJjri9iVzkAeSHa3PwWtO.svg,B,Yes,No,No,No,,Yes,N/A,N/A,No,Yes,N/A,N/A,No
203,4310,"growing pattern, step 1 has 6 squares in L-shape, step 2 has 10 squares in larger L-shape, step 3 has 14 squares",https://2xavun1dsa0sayar.public.blob.vercel-storage.com/visuals/vis_final-OZOkWQ0xAULQ81VSPvStW3xiQeuEeg.svg,B,Yes,No,Yes,Yes,,No,No,No,No,No,N/A,Yes,No
205,2602,"area model, 3 x 10",https://2xavun1dsa0sayar.public.blob.vercel-storage.com/visuals/vis_final-KM6hebkmLvi0oJ17ZmCdc3b9wfPrdJ.svg,B,Yes,N/A,Yes,Yes,,Yes,N/A,Yes,Yes,Yes,N/A,Yes,Yes
206,1877,"histogram, hours of sleep for college students, 4-10 hours range, more spread out",https://2xavun1dsa0sayar.public.blob.vercel-storage.com/visuals/vis_final-b7b2HhP3XSSADLZSLRri3GQJNkiEGw.svg,B,Yes,Yes,Yes,Yes,,Yes,N/A,Yes,Yes,Yes,N/A,Yes,Yes
208,3908,coordinate plane showing another polynomial with different degree for comparison,https://2xavun1dsa0sayar.public.blob.vercel-storage.com/visuals/vis_final-DtGBKkELhtrBt07RKVq82XxpbA31cF.svg,B,Yes,No,Yes,Yes,,Yes,Yes,No,No,No,Yes,No,No
209,1974,"dot plot, data points at 71, 71, 72, 72, 72, 73, 73, 73, 74, 74, tightly clustered around 72-73, title Basketball Player Heights Set 3A",https://2xavun1dsa0sayar.public.blob.vercel-storage.com/visuals/vis_final-RnOkFgiG3pnG0hjQkPik5YppNWFNPd.svg,B,Yes,No,Yes,Yes,,Yes,No,Yes,Yes,Yes,N/A,Yes,Yes
210,3260,"number line, -8 to 8, clean horizontal line",https://2xavun1dsa0sayar.public.blob.vercel-storage.com/visuals/vis_final-AA3lbFv5RPofPV7fLZfyvUatpn27Ki.svg,B,No,N/A,Yes,Yes,,Yes,N/A,Yes,Yes,Yes,N/A,Yes,Yes
213,3222,"parallelogram with labeled properties: opposite sides parallel, opposite sides congruent, opposite angles congruent, consecutive angles supplementary",https://2xavun1dsa0sayar.public.blob.vercel-storage.com/visuals/vis_final-S8AhvRMFc50lUgEGLOvA8FB3kv6RTX.svg,B,Yes,Yes,Yes,Yes,,Yes,Yes,No,No,No,Yes,No,No
217,606,small 3D rectangular prism,https://2xavun1dsa0sayar.public.blob.vercel-storage.com/visuals/vis_final-QmBiqqAddCejKhwMdwsrgEsrRbDvEj.svg,B,Yes,N/A,N/A,No,,Yes,N/A,N/A,N/A,Yes,N/A,N/A,N/A
219,1487,"fraction bars, 2/4 shaded",https://2xavun1dsa0sayar.public.blob.vercel-storage.com/visuals/vis_final-Hm3tj7fHHDYMwnx640mzvDGhvuAXHu.svg,B,Yes,Yes,No,No,,Yes,Yes,N/A,No,Yes,Yes,N/A,N/A
222,3533,"base 10 blocks, 10 - 1",https://2xavun1dsa0sayar.public.blob.vercel-storage.com/visuals/vis_final-y76yoNNlJdY7oz2txjdb72aNMC3nMy.svg,B,Yes,No,Yes,Yes,,Yes,No,Yes,Yes,Yes,N/A,Yes,Yes
223,1449,"table showing time and distance for walking, 1 hour 3 miles, 2 hours 6 miles, 4 hours 12 miles",https://2xavun1dsa0sayar.public.blob.vercel-storage.com/visuals/vis_final-HFB6tc18yIbCe6wIaUSUXahpNW5erJ.svg,B,Yes,No,Yes,Yes,,Yes,No,Yes,Yes,Yes,N/A,Yes,Yes
224,2234,"shake and spill activity, two-color counters scattered on table, some red some yellow, kindergarten math center",https://2xavun1dsa0sayar.public.blob.vercel-storage.com/visuals/vis_final-rNtRqsSS1S78DV01KpdvmZInQehlxo.svg,B,Yes,No,N/A,Yes,,Yes,Yes,N/A,No,Yes,N/A,N/A,N/A
225,4354,"rectangle with right triangle cut out from corner, rectangle 8x6, triangle legs 3 and 4",https://2xavun1dsa0sayar.public.blob.vercel-storage.com/visuals/vis_final-HEQGRKayS8jB3z6LDdE5kWKyuXCBLW.svg,B,Yes,Yes,Yes,Yes,,Yes,Yes,Yes,Yes,Yes,Yes,Yes,Yes
226,1288,"net with 5 rectangles in cross pattern, two pentagons attached to opposite rectangles",https://2xavun1dsa0sayar.public.blob.vercel-storage.com/visuals/vis_final-SAMpnDrsZoG5hMDsEKvhNrGzIfIKdv.svg,B,Yes,No,N/A,No,,Yes,Yes,N/A,No,Yes,Yes,N/A,N/A
229,1097,"two rectangles showing scale factor, original rectangle 2x3, scaled copy rectangle 4x6",https://2xavun1dsa0sayar.public.blob.vercel-storage.com/visuals/vis_final-jv4wJOPLoLiSruHjIHURd10UJ6epuM.svg,B,Yes,No,Yes,Yes,,Yes,No,Yes,Yes,Yes,No,Yes,Yes
230,2289,"Six figures labeled A, B, C, D, E, F. A is an arrow shape. B is a rectangle with rounded corners. C is a star. D is an incomplete triangle with one corner not connected. E is a heart shape. F is a rectangular prism (cube).",https://2xavun1dsa0sayar.public.blob.vercel-storage.com/visuals/vis_final-SttbQXknGXUhnMweqtO0Mm5bX31wdE.svg,B,No,No,Yes,Yes,,No,No,Yes,Yes,Yes,N/A,Yes,Yes
232,132,"triangle with sides 4, 5, 6 units next to larger triangle with sides 8, 10, 12 units",https://2xavun1dsa0sayar.public.blob.vercel-storage.com/visuals/vis_final-sfTeaDEpymGcZ0sf8WgOIRp0sVEsIL.svg,B,Yes,No,Yes,Yes,,Yes,Yes,Yes,Yes,Yes,Yes,No,Yes
233,2843,"rectangular prism rotated on its side, 2 vertical layers side by side, each layer has 6 unit cubes arranged in 2x3 pattern",https://2xavun1dsa0sayar.public.blob.vercel-storage.com/visuals/vis_final-xrtuhMOe5FlT0tyPsIWIEEFLqiD257.svg,B,Yes,N/A,N/A,N/A,,Yes,No,N/A,No,Yes,No,N/A,No
237,1819,"fraction circles, 2/3 shaded",https://2xavun1dsa0sayar.public.blob.vercel-storage.com/visuals/vis_final-x1GPw9MShzG5x7T7puTBSY2VqQ2AqA.svg,B,Yes,No,N/A,No,,Yes,Yes,N/A,No,Yes,Yes,N/A,N/A
238,993,"triangle with angles 45 degrees and 70 degrees, third angle unknown",https://2xavun1dsa0sayar.public.blob.vercel-storage.com/visuals/vis_final-a1sBRgc1HdlKoLuFDJWp82EiOksFY1.svg,B,Yes,Yes,Yes,Yes,,Yes,Yes,Yes,Yes,Yes,Yes,Yes,Yes
241,3096,calendar grid showing one week,https://2xavun1dsa0sayar.public.blob.vercel-storage.com/visuals/vis_final-CHIsXBvb9SDOLbUlo25NFH7b39uSNi.svg,B,Yes,No,Yes,Yes,,Yes,N/A,Yes,Yes,Yes,N/A,Yes,Yes
243,1986,"dot plot, data points at 62, 64, 66, 68, 70, 72, 74, 76, 78, 80, evenly distributed, title Daily Temperatures Set 2C",https://2xavun1dsa0sayar.public.blob.vercel-storage.com/visuals/vis_final-pQzWcDz34slXmOcGS0UFgS6EE8amrI.svg,B,Yes,Yes,Yes,Yes,,Yes,N/A,Yes,Yes,No,N/A,Yes,Yes
244,4693,pentagonal pyramid with its net showing 1 pentagonal base and 5 triangular faces,https://2xavun1dsa0sayar.public.blob.vercel-storage.com/visuals/vis_final-uRxxifGrnP4G28Xe2GYDdvUBRZokAS.svg,B,Yes,Yes,Yes,Yes,,No,No,Yes,No,No,Yes,Yes,No
245,3306,T-shaped figure made of two rectangular prisms,https://2xavun1dsa0sayar.public.blob.vercel-storage.com/visuals/vis_final-JpHvHpRDiP4UzM7oblGBJwsYbkWeUk.svg,B,Yes,No,N/A,N/A,,Yes,No,N/A,No,Yes,No,N/A,N/A
246,3318,"rectangular prism figure, 5 x 3 x 4",https://2xavun1dsa0sayar.public.blob.vercel-storage.com/visuals/vis_final-P03PRN3D0q0gncaf306pJie6szanL0.svg,B,Yes,No,Yes,Yes,,Yes,N/A,Yes,Yes,Yes,N/A,Yes,Yes
247,2522,"regular hexagon with vertices labeled A, B, C, D, E, F clockwise starting from top",https://2xavun1dsa0sayar.public.blob.vercel-storage.com/visuals/vis_final-NHmdMN5bkowVYRZV4h7SCmiEtFjB0Q.svg,B,Yes,No,Yes,Yes,,Yes,N/A,Yes,Yes,Yes,N/A,Yes,Yes
248,2956,"triangle A with base 5 and height 6, showing perpendicular height line",https://2xavun1dsa0sayar.public.blob.vercel-storage.com/visuals/vis_final-tATfMHhDlUem8759YlrfzCLjGbO1vn.svg,B,Yes,Yes,Yes,Yes,,Yes,Yes,Yes,No,No,Yes,Yes,No
249,3828,"dot plot showing uniform distribution, equal height bars from 1 to 5",https://2xavun1dsa0sayar.public.blob.vercel-storage.com/visuals/vis_final-44b3NIQiqMS8JxYsn4R4xEWEtawDwk.svg,B,Yes,N/A,Yes,Yes,,Yes,N/A,Yes,Yes,Yes,N/A,Yes,Yes
251,3772,card with 4 flowers in diamond arrangement,https://2xavun1dsa0sayar.public.blob.vercel-storage.com/visuals/vis_final-U3lLJowbESHI4ieKzg6c7BPr83ZONp.svg,B,Yes,No,N/A,N/A,,Yes,N/A,N/A,N/A,Yes,N/A,N/A,N/A
253,244,null,https://coteach-oo4y4rjcb-teaching-lab.vercel.app/api/v1/visual/vis_MyIFFqvp,B,Yes,No,N/A,N/A,,No,No,N/A,No,No,No,N/A,No
254,1789,"number line, 0 to 1, marked at 1/2, point at 5/8",https://2xavun1dsa0sayar.public.blob.vercel-storage.com/visuals/vis_final-oSSQEzUlS5Tyom5YOIb2S53YUCCHBG.svg,B,Yes,No,Yes,Yes,,Yes,Yes,Yes,Yes,Yes,Yes,Yes,Yes
255,3414,"staircase pattern, level 4 showing 15 blocks total in ascending stair formation",https://2xavun1dsa0sayar.public.blob.vercel-storage.com/visuals/vis_final-Ty96NmushIL5y96ZjIOx9Ro2nXDPg4.svg,B,Yes,N/A,N/A,No,,No,No,N/A,No,No,No,N/A,No
257,3814,"dot pattern card, 4 dots in rectangular arrangement 2x2",https://2xavun1dsa0sayar.public.blob.vercel-storage.com/visuals/vis_final-EakOS7LUCXLYq2e11mWpoVAJQRSbEX.svg,B,Yes,No,N/A,N/A,,Yes,N/A,N/A,N/A,Yes,N/A,N/A,N/A
260,1952,"examples of polygons: triangle, quadrilateral, pentagon, hexagon, octagon labeled with number of sides",https://2xavun1dsa0sayar.public.blob.vercel-storage.com/visuals/vis_final-8xZUORosjptYxBTo0cOZddZQ9WayxV.svg,B,Yes,No,Yes,Yes,,Yes,No,Yes,Yes,No,No,No,No
261,4114,"coordinate plane, -6 to 6 on both axes, grid lines, no origin symbol",https://2xavun1dsa0sayar.public.blob.vercel-storage.com/visuals/vis_final-tNc0k9FuqJLB7gPWin0KGV1BssbCWI.svg,B,No,No,Yes,No,,No,N/A,No,No,No,N/A,Yes,Yes
265,66,"coordinate plane, triangle ABC at A(1,2), B(4,2), C(2,5), show original and reflection over y-axis",https://2xavun1dsa0sayar.public.blob.vercel-storage.com/visuals/vis_final-lr5VjZgHRBi1NGMyuYyTggGq6fAdzI.svg,B,Yes,No,Yes,Yes,,Yes,Yes,Yes,Yes,Yes,Yes,Yes,Yes
266,3966,"dot plot, bimodal distribution, two peaks at 4 and 9, values from 2 to 12",https://2xavun1dsa0sayar.public.blob.vercel-storage.com/visuals/vis_final-VXGfhKimPLbRGH8PYeSc58qHUH7pKE.svg,B,No,No,Yes,No,,Yes,No,Yes,Yes,Yes,N/A,Yes,Yes
269,4440,"rectangular prism figure made of 2 prisms, no labels or numbers",https://2xavun1dsa0sayar.public.blob.vercel-storage.com/visuals/vis_final-ZP4Fn4pTzpnO9As34y9t8VJeEnUR9Y.svg,B,Yes,No,N/A,No,,Yes,No,N/A,N/A,Yes,No,N/A,N/A
270,4765,"two identical right triangles side by side - one labeled 'Original' and one labeled 'After Transformation' with measurements 3, 4, 5 marked on sides",https://2xavun1dsa0sayar.public.blob.vercel-storage.com/visuals/vis_final-y1sIf5q8wn7MGY3tUgOG6iZ8iYjHQc.svg,B,No,No,Yes,Yes,,Yes,No,Yes,No,Yes,No,Yes,Yes
274,509,"cube L-shape, 2x2 square with 3 cubes extending in a row",https://2xavun1dsa0sayar.public.blob.vercel-storage.com/visuals/vis_final-RfqYRXpYKUKpfWFKlK2pDSSAJAc8tX.svg,B,Yes,No,N/A,N/A,,Yes,No,N/A,No,Yes,N/A,N/A,N/A
275,4388,ruler with measurements showing scale conversion,https://2xavun1dsa0sayar.public.blob.vercel-storage.com/visuals/vis_final-Du103kZy9unqJoTuLZj0jgi24lnREN.svg,B,Yes,Yes,Yes,Yes,,Yes,Yes,Yes,Yes,Yes,Yes,No,Yes
277,2758,"base 10 blocks, 16 + 4 = 20",https://2xavun1dsa0sayar.public.blob.vercel-storage.com/visuals/vis_final-Y8UaJekk7NyMtpX8kAoI23mRczUy8A.svg,B,Yes,Yes,Yes,Yes,,Yes,No,Yes,Yes,Yes,No,Yes,Yes
278,2062,"dot plot, data points at 45, 52, 58, 63, 68, 72, 78, 83, 89, 95, very spread out, title Daily Temperatures Set B",https://2xavun1dsa0sayar.public.blob.vercel-storage.com/visuals/vis_final-CDkMPkEeZLod3UT8G77ZRdunzDsP3d.svg,B,Yes,No,Yes,Yes,,Yes,N/A,Yes,Yes,Yes,N/A,Yes,Yes
279,4522,rectangle 5 by 2 units on grid,https://2xavun1dsa0sayar.public.blob.vercel-storage.com/visuals/vis_final-6vlBysMOBW19FASqlcJNnElu79lFpJ.svg,B,Yes,No,Yes,Yes,,Yes,N/A,Yes,Yes,Yes,N/A,Yes,Yes
280,581,small pentagonal pyramid net,https://2xavun1dsa0sayar.public.blob.vercel-storage.com/visuals/vis_final-b2Wbhgg6EvBxXuhUUzbAODGJMPc9ar.svg,B,Yes,N/A,N/A,No,,Yes,No,N/A,No,Yes,N/A,N/A,N/A
283,4364,"triangle with vertices X, Y, Z and angles in ratio 2:3:4",https://2xavun1dsa0sayar.public.blob.vercel-storage.com/visuals/vis_final-4D2DE6gj8em157itRxQItjr5xeRV5c.svg,B,Yes,No,Yes,Yes,,Yes,No,Yes,Yes,Yes,Yes,Yes,Yes
284,3170,parallel lines with transversal showing alternate interior angles highlighted,https://2xavun1dsa0sayar.public.blob.vercel-storage.com/visuals/vis_final-cQ94WSCb0RosqZxv9a7JHmn8bj35Pt.svg,B,No,No,No,No,,Yes,Yes,Yes,Yes,No,Yes,No,No
287,2398,proportion setup chart for scale problems with cross multiplication,https://2xavun1dsa0sayar.public.blob.vercel-storage.com/visuals/vis_final-qup7Ym3CB1CIhu79qqyQW7q8QxffrF.svg,B,Yes,Yes,Yes,Yes,,Yes,Yes,No,Yes,Yes,Yes,Yes,Yes
288,3274,"triangle showing base = 6 units, height = 4 units",https://2xavun1dsa0sayar.public.blob.vercel-storage.com/visuals/vis_final-J2k7QDqj3xdOJnB9CY8Kw73UeEatKg.svg,B,Yes,Yes,Yes,Yes,,Yes,Yes,Yes,Yes,Yes,Yes,Yes,Yes
289,323,"coordinate plane, two intersecting lines creating four angles, with center point marked at intersection for 180-degree rotation",https://2xavun1dsa0sayar.public.blob.vercel-storage.com/visuals/vis_final-7AvD8U7zccjMO5ZDiby1bazpvHxobF.svg,B,Yes,No,Yes,No,,Yes,Yes,Yes,No,Yes,Yes,Yes,Yes
293,142,"dot plot, bimodal distribution, two peaks at 3 and 8",https://2xavun1dsa0sayar.public.blob.vercel-storage.com/visuals/vis_final-7Cw3QoRiqIf5LOH9zsWoNmmmBE8zTn.svg,B,Yes,No,No,Yes,,Yes,No,Yes,No,Yes,N/A,Yes,Yes
294,1083,"coordinate plane, arithmetic sequence points at (1,20), (2,15), (3,10), (4,5), (5,0)",https://2xavun1dsa0sayar.public.blob.vercel-storage.com/visuals/vis_final-u6N0S0UPtr1mEFP3Z7NcxZ4cHA6XwZ.svg,B,Yes,No,Yes,Yes,,Yes,No,Yes,Yes,Yes,N/A,Yes,Yes
295,4789,"coordinate plane showing square DEFG reflected over y-axis, original at D(1,1), E(3,1), F(3,3), G(1,3) and image at D'(-1,1), E'(-3,1), F'(-3,3), G'(-1,3)",https://2xavun1dsa0sayar.public.blob.vercel-storage.com/visuals/vis_final-WptyXfK1npwwP44x4fLWQ0EdIduOoE.svg,B,Yes,Yes,Yes,Yes,,Yes,Yes,Yes,Yes,Yes,Yes,Yes,Yes
296,2700,"parallel lines cut by transversal, angles labeled a, b, c, d at top intersection and e, f, g, h at bottom intersection, one angle marked 65 degrees",https://2xavun1dsa0sayar.public.blob.vercel-storage.com/visuals/vis_final-OxpmZoVy69mRBeChJMXDVbJ6ZDbUf8.svg,B,Yes,N/A,Yes,Yes,,Yes,No,No,No,Yes,Yes,No,No
297,381,"coordinate plane, triangle with vertices A(2,3), B(4,1), C(1,1), show translation 3 units right and 2 units up",https://2xavun1dsa0sayar.public.blob.vercel-storage.com/visuals/vis_final-FCAR4bWvlsur9JSQIpukQgXThdo1nj.svg,B,Yes,Yes,Yes,Yes,,No,Yes,Yes,No,No,Yes,Yes,No
298,467,"definition card, Factor (English) / Faktè (Haitian Creole): the numbers that are multiplied together in a multiplication equation. In 4 × 6 = 24, the factors are 4 and 6. The factors tell us how many groups and how many objects are in each group. / nimewo yo k ap miltipliye ansanm nan yon ekwasyon miltiplikasyon. Nan 4 × 6 = 24, faktè yo se 4 ak 6. Faktè yo di nou konbyen gwoup ak konbyen objè ki nan chak gwoup.",https://2xavun1dsa0sayar.public.blob.vercel-storage.com/visuals/vis_final-yRUTkrUu7VRrM5ZHqYzW1pyMzJPKjj.svg,B,No,Yes,Yes,Yes,,Yes,Yes,Yes,Yes,No,Yes,Yes,No
299,626,small 3D triangular pyramid,https://2xavun1dsa0sayar.public.blob.vercel-storage.com/visuals/vis_final-6BFE9Smg1JzcL3Lt6AMhHabPwr4XUw.svg,B,Yes,No,N/A,No,,Yes,No,N/A,No,Yes,N/A,N/A,N/A
301,1461,parallelogram with base 15 cm and height 8 cm,https://2xavun1dsa0sayar.public.blob.vercel-storage.com/visuals/vis_final-3vKlWVLdJ1uGc02w6ItXqmmKTEvbvB.svg,B,Yes,Yes,Yes,Yes,,Yes,Yes,Yes,Yes,Yes,Yes,Yes,Yes
303,1212,"dot cubes, 2 dots vertically aligned",https://2xavun1dsa0sayar.public.blob.vercel-storage.com/visuals/vis_final-T6m3NfUonSsiJ6FaOFguX8qT968JF4.svg,B,No,N/A,N/A,N/A,,Yes,N/A,N/A,N/A,Yes,N/A,N/A,N/A
304,3250,"number line, 4 + (-6)",https://2xavun1dsa0sayar.public.blob.vercel-storage.com/visuals/vis_final-Gl3dowlXvCrJZ4AuDFK3UNhQFuqeQ3.svg,B,Yes,Yes,Yes,Yes,,Yes,Yes,Yes,Yes,Yes,Yes,Yes,Yes
308,130,rectangle 2 by 4 units next to its reflection across vertical line,https://2xavun1dsa0sayar.public.blob.vercel-storage.com/visuals/vis_final-2G0EYbMc5ZbicC2k98zH1zZMFMon6r.svg,B,No,No,No,No,,No,No,Yes,No,No,Yes,Yes,No
309,34,"rectangular pyramid net with one face labeled F, one vertex labeled V, one edge labeled E",https://2xavun1dsa0sayar.public.blob.vercel-storage.com/visuals/vis_final-HCuttkHYQAtdpWAIUCR2MrD0SrsqWN.svg,B,Yes,Yes,Yes,Yes,,Yes,No,No,Yes,Yes,N/A,Yes,Yes
310,455,"coordinate plane, pentagon with vertices showing rotation of 90 degrees clockwise around origin",https://2xavun1dsa0sayar.public.blob.vercel-storage.com/visuals/vis_final-3MmzTk94tdFyD5nEchcKRIoXxBdh3A.svg,B,Yes,Yes,Yes,Yes,,Yes,Yes,No,Yes,Yes,Yes,No,Yes
312,30,"triangular prism net with one face labeled F, one vertex labeled V, one edge labeled E",https://2xavun1dsa0sayar.public.blob.vercel-storage.com/visuals/vis_final-iTDm1vgsqJqY2V7evLfE0H36fUIDeR.svg,B,Yes,Yes,Yes,Yes,,Yes,Yes,Yes,Yes,Yes,Yes,No,Yes
314,1537,"area model, 2/7 x 2/3, show detailed fractional grid, no equation labels",https://2xavun1dsa0sayar.public.blob.vercel-storage.com/visuals/vis_final-DdpzornKJCNRyLvUVZ5ZOZoPmNoAMS.svg,B,Yes,No,N/A,N/A,,Yes,Yes,N/A,N/A,Yes,Yes,N/A,No
315,1067,"base 10 blocks, 37 + 8",https://2xavun1dsa0sayar.public.blob.vercel-storage.com/visuals/vis_final-XkmAwyyI3XYYPQIMES6tBKQPTqqkNj.svg,B,Yes,No,Yes,Yes,,Yes,No,Yes,Yes,Yes,No,Yes,Yes
317,4524,"parallelogram with base 8 units and height 3 units, clearly marked",https://2xavun1dsa0sayar.public.blob.vercel-storage.com/visuals/vis_final-ok3UO1sQo2OWV1ltui8cyz4c3Lp2Io.svg,B,Yes,Yes,Yes,Yes,,Yes,Yes,Yes,Yes,Yes,Yes,Yes,Yes
319,1415,"box plot, no labels, no indicators, clean minimal design",https://2xavun1dsa0sayar.public.blob.vercel-storage.com/visuals/vis_final-tmzNZQxCcRmcNZk41IqbokKd6MeNu6.svg,B,Yes,No,N/A,No,,Yes,N/A,N/A,N/A,Yes,N/A,N/A,N/A
320,1224,large net showing 2 triangles and 3 rectangles arranged horizontally with triangles above and below,https://2xavun1dsa0sayar.public.blob.vercel-storage.com/visuals/vis_final-YT8TwPdh68soOHzTKKDL4DdT00KAnP.svg,B,Yes,No,Yes,No,,Yes,No,N/A,No,Yes,N/A,N/A,N/A
321,2390,area scaling visual showing square 2x2 area 4 and square 4x4 area 16,https://2xavun1dsa0sayar.public.blob.vercel-storage.com/visuals/vis_final-quyAB80PiaD8AuLHewk1YBMAuD7hGL.svg,B,Yes,No,Yes,Yes,,Yes,Yes,Yes,Yes,Yes,Yes,Yes,Yes
323,2122,"histogram, data ranges: 10-19(4), 20-29(8), 30-39(12), 40-49(6), 50-59(2)",https://2xavun1dsa0sayar.public.blob.vercel-storage.com/visuals/vis_final-8uUYfns45xd91TYF642Si5pKBO1Bbk.svg,B,No,Yes,Yes,Yes,,Yes,No,Yes,Yes,Yes,N/A,Yes,Yes
326,1309,"rectangular prism, 8 cm length, 5 cm width, 3 cm height, with dimensions labeled",https://2xavun1dsa0sayar.public.blob.vercel-storage.com/visuals/vis_final-YQexMuEK42yVGyirIh5k5GsBcPuuuz.svg,B,Yes,Yes,Yes,Yes,,Yes,N/A,No,Yes,Yes,No,No,Yes
328,4126,3d figure with bottom rectangular base 5 by 4 by 2 and smaller top section 3 by 4 by 3,https://2xavun1dsa0sayar.public.blob.vercel-storage.com/visuals/vis_final-qiyp4LEHrW6OevNW2kZYmF9uooS3WS.svg,B,Yes,No,N/A,No,,Yes,No,N/A,No,Yes,No,N/A,No
329,1141,"number line, 0 to 1, divided into sixths with tick marks",https://2xavun1dsa0sayar.public.blob.vercel-storage.com/visuals/vis_final-bU3QxPSDhKMOQeCf1FQYAHysPB8YU8.svg,B,Yes,No,Yes,No,,Yes,N/A,Yes,Yes,Yes,N/A,Yes,Yes
330,3432,"number line, 0 to 1, show fifths",https://2xavun1dsa0sayar.public.blob.vercel-storage.com/visuals/vis_final-tFROx8BY2LQ9rD9eu8IjNq4vz8ghQc.svg,B,Yes,N/A,Yes,Yes,,Yes,N/A,Yes,Yes,Yes,N/A,Yes,Yes
331,2888,"construction of equilateral triangle using two intersecting circles, mark all intersection points",https://2xavun1dsa0sayar.public.blob.vercel-storage.com/visuals/vis_final-xzqq6pK8eaNfY1qxtUtSBVwmmw5XRe.svg,B,Yes,Yes,Yes,Yes,,Yes,Yes,Yes,Yes,No,Yes,Yes,Yes
334,4735,"coordinate plane, point A(3,1) and its 90° clockwise rotation A'(1,-3) and 90° counterclockwise rotation A''(-1,3) about origin",https://2xavun1dsa0sayar.public.blob.vercel-storage.com/visuals/vis_final-27jdrVlQK9YIQeR4q5bMWanphH5c4N.svg,B,Yes,Yes,Yes,Yes,,Yes,Yes,Yes,Yes,Yes,Yes,Yes,Yes
335,3128,number line 0 to 20 with arrow from 12 to 20,https://2xavun1dsa0sayar.public.blob.vercel-storage.com/visuals/vis_final-HKJRjxISmx4OKAWiwH9saPrFEPI0xv.svg,B,Yes,Yes,Yes,Yes,,Yes,Yes,Yes,No,No,Yes,Yes,Yes
337,3766,"quantity card, 3 dogs in a row",https://2xavun1dsa0sayar.public.blob.vercel-storage.com/visuals/vis_final-UyXMdQzrsdcEjMhqHzf6kB1luODgr7.svg,B,Yes,N/A,N/A,N/A,,No,N/A,N/A,No,Yes,N/A,N/A,N/A
338,2752,"number line, 0 to 20, show 18 + 2 = 20",https://2xavun1dsa0sayar.public.blob.vercel-storage.com/visuals/vis_final-VdjsnZdxcQLtUgclsxEfmqZPjdGSe6.svg,B,Yes,Yes,Yes,Yes,,Yes,Yes,Yes,No,Yes,Yes,Yes,No
340,1932,circle divided into 3 equal parts with 1 part shaded,https://2xavun1dsa0sayar.public.blob.vercel-storage.com/visuals/vis_final-zdoPxmfO8wh8qBqGIpkSudJM8CVxyX.svg,B,Yes,No,N/A,No,,No,Yes,N/A,No,Yes,Yes,N/A,N/A
341,3513,Ten frame with 7 yellow dots and 3 empty spaces,https://2xavun1dsa0sayar.public.blob.vercel-storage.com/visuals/vis_final-20lit3afM0qJDqtzwSv1Y6LWcRxBdr.svg,B,Yes,No,N/A,No,,Yes,Yes,N/A,N/A,Yes,N/A,N/A,N/A
342,4039,"base 10 blocks, 4 + 3",https://2xavun1dsa0sayar.public.blob.vercel-storage.com/visuals/vis_final-H4bbkpHzQ3rnFewxSPNBfGMVdIYLXl.svg,B,Yes,N/A,N/A,N/A,,Yes,No,N/A,No,Yes,N/A,N/A,N/A
343,1519,"area model, 1 1/4 x 4, show unit squares with grid lines, no equation labels",https://2xavun1dsa0sayar.public.blob.vercel-storage.com/visuals/vis_final-cDYNdcsrFYKi6Z3eIOADbD5G50tcZu.svg,B,Yes,No,N/A,No,,No,No,N/A,No,No,No,N/A,No
346,3611,"rectangular prism with transparent outline 4x5x3, showing 2 complete layers of cubes",https://2xavun1dsa0sayar.public.blob.vercel-storage.com/visuals/vis_final-o9VSFFLTXewXAPs1fCWHBOTsRTlyBM.svg,B,Yes,N/A,N/A,No,,No,No,N/A,No,Yes,Yes,N/A,N/A
348,537,"3D rectangular prism figure, bottom prism 6×4×3 units, top prism 3×4×2 units sitting on left half",https://2xavun1dsa0sayar.public.blob.vercel-storage.com/visuals/vis_final-NrbFRF7rk44hdSMOZ9Dn1BxrEzy0ju.svg,B,Yes,No,No,No,,Yes,No,N/A,No,No,No,N/A,No
353,2291,complex polygon (hexagon) decomposed into triangles,https://2xavun1dsa0sayar.public.blob.vercel-storage.com/visuals/vis_final-WcnQ2gLOOPwZM1lW44FG9JEnWFRK7p.svg,B,Yes,N/A,Yes,Yes,,Yes,No,Yes,Yes,Yes,No,Yes,Yes
355,1679,two parallel lines with translation showing they remain parallel,https://2xavun1dsa0sayar.public.blob.vercel-storage.com/visuals/vis_final-wZ3zqgL9IStfkN5L2NpK3LrsDBVaVu.svg,B,Yes,Yes,Yes,Yes,,Yes,Yes,Yes,Yes,No,Yes,Yes,Yes
357,4973,simple visual showing final step with number 9 in a circle and text 'people were surveyed',https://2xavun1dsa0sayar.public.blob.vercel-storage.com/visuals/vis_final-FfldyDlQDrxEIdVeDxzgcaKimiqHh6.svg,B,Yes,No,Yes,Yes,,Yes,N/A,Yes,Yes,Yes,Yes,Yes,Yes
358,2118,"dot plot, data points at 72, 74, 75, 76, 77, 78, 78, 79, 80, 82, title Class Test Scores - Set 1A",https://2xavun1dsa0sayar.public.blob.vercel-storage.com/visuals/vis_final-7Rr20TAAtwhVuu7jJb9gvypMKLfgL7.svg,B,Yes,N/A,Yes,Yes,,Yes,No,Yes,Yes,Yes,N/A,Yes,Yes
361,281,"coordinate plane, house shape and upside down house shape, mirror images across horizontal dashed line",https://2xavun1dsa0sayar.public.blob.vercel-storage.com/visuals/vis_final-KXzk2vlDM8HyJBgSrObkJ5wm7alzSx.svg,B,Yes,Yes,Yes,Yes,,No,No,Yes,No,Yes,No,N/A,No
362,1400,"two parallel lines cut by a transversal, label angles a, b, c, d showing alternate interior angles",https://2xavun1dsa0sayar.public.blob.vercel-storage.com/visuals/vis_final-4HhU1cTRTy9FUUSc7ovVnAztW29GXE.svg,B,Yes,Yes,Yes,Yes,,Yes,No,Yes,Yes,No,Yes,No,No
363,3647,one orange and one grape,https://2xavun1dsa0sayar.public.blob.vercel-storage.com/visuals/vis_final-E6n4JsxrZpTIUuNLNOmlaMmMUNE5f6.svg,B,Yes,Yes,Yes,Yes,,Yes,N/A,Yes,Yes,Yes,N/A,Yes,Yes
367,3015,"tape diagram, stickers 15, partial rectangle for pencils 9",https://2xavun1dsa0sayar.public.blob.vercel-storage.com/visuals/vis_final-E3ERpfhvhTXjowTbIkFdkp49zO9peY.svg,B,Yes,No,Yes,Yes,,Yes,Yes,Yes,Yes,Yes,Yes,Yes,Yes
369,672,"probability scale from 0 to 1, mark positions at 0, 1/4, 1/2, 3/4, and 1",https://2xavun1dsa0sayar.public.blob.vercel-storage.com/visuals/vis_final-3YY0q6eNqr4oldsvQhhPVgBNAuQrdu.svg,B,Yes,Yes,Yes,Yes,,Yes,N/A,Yes,Yes,Yes,N/A,Yes,Yes
370,4797,"number line, 0 to 1, show 2/4 and 1/2 equivalent fractions",https://2xavun1dsa0sayar.public.blob.vercel-storage.com/visuals/vis_final-YFmVp6QlaMP8cBi4B8bVwS7uaRrgQp.svg,B,Yes,Yes,Yes,Yes,,Yes,No,Yes,Yes,Yes,Yes,Yes,Yes
371,4903,rectangular prism 3D shape,https://2xavun1dsa0sayar.public.blob.vercel-storage.com/visuals/vis_final-56Zm6tAJYLTji6evUFeSK1dNpq5GRw.svg,B,Yes,No,Yes,Yes,,Yes,N/A,Yes,Yes,Yes,N/A,Yes,Yes
373,853,"composite figure, two rectangular prisms side by side with different heights",https://2xavun1dsa0sayar.public.blob.vercel-storage.com/visuals/vis_final-0jljHkTwOVUYYTbPNO6k5rms54KT0d.svg,B,Yes,No,N/A,No,,Yes,Yes,N/A,No,Yes,Yes,N/A,N/A
377,2354,"partially tiled rectangle, 9 rows by 10 columns, row 1 completely tiled with 10 squares, row 2 has 4 squares shown, row 3 has 3 squares shown, row 4 has 2 squares shown, rows 5 through 9 each have 1 square shown",https://2xavun1dsa0sayar.public.blob.vercel-storage.com/visuals/vis_final-h60DLjLvokWM80hYREWh2Y4Kusmdh2.svg,B,Yes,No,N/A,N/A,,No,No,N/A,No,No,N/A,N/A,N/A
379,4057,"parallelogram with base 7 cm and height 4 cm, clearly labeled with measurements",https://2xavun1dsa0sayar.public.blob.vercel-storage.com/visuals/vis_final-IA9sLWxnucK6tIQK9nwReMFlwUKbNA.svg,B,Yes,Yes,Yes,Yes,,Yes,Yes,No,Yes,Yes,Yes,No,Yes
380,1190,two similar but different smartphones,https://2xavun1dsa0sayar.public.blob.vercel-storage.com/visuals/vis_final-VD7LIUu6zaglsCh8RqIo00AJckDSak.svg,B,Yes,No,N/A,No,,No,No,N/A,No,No,N/A,N/A,N/A
383,1131,"parallel lines cut by transversal, angles labeled 1, 2, 3, 4, 5, 6, 7, 8",https://2xavun1dsa0sayar.public.blob.vercel-storage.com/visuals/vis_final-myL3xfuuhduOj2oMSB4b21X0XC23Ek.svg,B,Yes,No,Yes,Yes,,Yes,No,Yes,Yes,Yes,No,No,Yes
385,4568,rectangle 3 by 4 units on grid,https://2xavun1dsa0sayar.public.blob.vercel-storage.com/visuals/vis_final-ban5v3AfIn172YNALMEBzWgJGPJcD6.svg,B,Yes,Yes,Yes,Yes,,Yes,Yes,Yes,No,Yes,Yes,Yes,No
386,3194,"angle measuring (2x + 10)° next to angle measuring (3x - 5)°, forming 90°",https://2xavun1dsa0sayar.public.blob.vercel-storage.com/visuals/vis_final-YD0LJ0tgwA1BX78qc4G9fXrhCw6Y6J.svg,B,Yes,No,Yes,Yes,,Yes,No,Yes,No,Yes,Yes,Yes,Yes
387,745,"dots arranged in corners of a square, 4 dots",https://2xavun1dsa0sayar.public.blob.vercel-storage.com/visuals/vis_final-a1AWq4YNEu3LzRwI8Vsb0hPr4i4sMn.svg,B,Yes,No,N/A,N/A,,Yes,N/A,N/A,N/A,Yes,N/A,N/A,N/A
389,3920,4 groups of 3 stars each,https://2xavun1dsa0sayar.public.blob.vercel-storage.com/visuals/vis_final-uprQcf5l885TMnKFnJmSnnD3vY4QsC.svg,B,Yes,No,N/A,N/A,,Yes,No,N/A,No,No,Yes,N/A,N/A
390,849,"fraction strips, show 3/5 and 6/10 for comparison",https://2xavun1dsa0sayar.public.blob.vercel-storage.com/visuals/vis_final-UhGGsopuC81cKRyGKpuguV9uvNkxgX.svg,B,Yes,Yes,Yes,Yes,,Yes,Yes,Yes,Yes,Yes,Yes,Yes,Yes
392,2466,"rectangular prism figure made of two prisms, larger prism 6×4×3, smaller prism 2×4×3 on top",https://2xavun1dsa0sayar.public.blob.vercel-storage.com/visuals/vis_final-5x2JQu6hvVIgLT1PUMdDRvUoxyIsia.svg,B,Yes,N/A,No,No,,Yes,No,N/A,No,Yes,No,N/A,No
394,2684,"coordinate plane, line through origin and point (1,37.5), unlabeled axes",https://2xavun1dsa0sayar.public.blob.vercel-storage.com/visuals/vis_final-vBTMcsT8yyRBAdR68gaLNn8UHsFcZo.svg,B,Yes,N/A,Yes,No,,Yes,N/A,Yes,No,No,N/A,Yes,No
396,4691,hexagonal prism with its net showing 2 hexagonal faces and 6 rectangular faces,https://2xavun1dsa0sayar.public.blob.vercel-storage.com/visuals/vis_final-q7LuiSt2PiKKVmUb9hX20qfafHmHK8.svg,B,Yes,No,Yes,Yes,,Yes,No,Yes,Yes,No,No,Yes,Yes
397,3888,empty grid template 6x4 for students to draw rectangles,https://2xavun1dsa0sayar.public.blob.vercel-storage.com/visuals/vis_final-mnf5RVmDw3vns4rM5Xjpk2ktcdIMUJ.svg,B,Yes,No,No,N/A,,Yes,N/A,N/A,N/A,Yes,N/A,N/A,N/A
399,2596,scale factor card showing '1' with blue border and text 'Stays SAME',https://2xavun1dsa0sayar.public.blob.vercel-storage.com/visuals/vis_final-NIY8hwGLg9036UJ24xOgpBhdvvLtXK.svg,B,Yes,No,Yes,Yes,,Yes,No,Yes,Yes,Yes,N/A,Yes,Yes
400,4176,"3d figure made of two rectangular prisms, bottom rectangular base 6 by 4 by 2, smaller rectangular prism 3 by 4 by 1 on top right corner",https://2xavun1dsa0sayar.public.blob.vercel-storage.com/visuals/vis_final-iOorjFN3xHPkRXgfTSfYGyyK8HiTSv.svg,B,Yes,No,N/A,No,,Yes,No,N/A,No,Yes,No,N/A,No
402,4536,"coordinate plane, quadrilateral with vertices at (-1,2), (1,3), (2,1), (0,0), point R at (3,2)",https://2xavun1dsa0sayar.public.blob.vercel-storage.com/visuals/vis_final-OsAY5xxK3bNXNnKTuO4vU56ITbyW5m.svg,B,No,Yes,No,No,,Yes,Yes,Yes,No,Yes,Yes,Yes,Yes
406,343,"rectangular prism made of unit cubes, L-shaped structure with 12 cubes: 2x3x2 main block connected to 2x1x2 extension",https://2xavun1dsa0sayar.public.blob.vercel-storage.com/visuals/vis_final-6Ab96tI7OEWcT6dtoSyvG6wO3A4MuO.svg,B,Yes,No,N/A,No,,No,No,N/A,No,No,No,N/A,No
409,4394,"coordinate plane, parallelogram with vertices D(0,1), E(4,1), F(6,4), G(2,4)",https://2xavun1dsa0sayar.public.blob.vercel-storage.com/visuals/vis_final-1wCLtqBgWILbriD3VgI5AItaJjjnfX.svg,B,Yes,No,Yes,Yes,,Yes,Yes,Yes,Yes,Yes,Yes,Yes,Yes
410,2548,"regular pentagon with vertices labeled A, B, C, D, E clockwise starting from top",https://2xavun1dsa0sayar.public.blob.vercel-storage.com/visuals/vis_final-uiYSO4PG5XxY4AUsUzrM3dOSI21Qsk.svg,B,Yes,No,Yes,Yes,,Yes,N/A,Yes,Yes,Yes,N/A,Yes,Yes
412,3013,"coordinate plane, shadow triangles at different times",https://2xavun1dsa0sayar.public.blob.vercel-storage.com/visuals/vis_final-77ri4vt5M7bC2UtvE58Q1C0bb9Sj6K.svg,B,Yes,No,Yes,Yes,,Yes,No,No,Yes,No,No,No,No
413,765,"dots arranged randomly, 2 dots",https://2xavun1dsa0sayar.public.blob.vercel-storage.com/visuals/vis_final-uhvcruKnV5zEP0PQdRbNnFvPUOTctv.svg,B,Yes,No,N/A,N/A,,Yes,N/A,N/A,N/A,Yes,N/A,N/A,N/A
415,3406,"picture graph showing favorite fruits: apples 6, bananas 4, oranges 3, grapes 5, with fruit symbols",https://2xavun1dsa0sayar.public.blob.vercel-storage.com/visuals/vis_final-1mDzgANibOahuVa4CtEKO4rFQT6AL4.svg,B,No,No,Yes,Yes,,Yes,No,N/A,No,No,No,Yes,No
416,985,"coordinate plane, rectangle above horizontal dashed line and rectangle below horizontal dashed line, mirror images",https://2xavun1dsa0sayar.public.blob.vercel-storage.com/visuals/vis_final-Kutz0pDL4flaZKbAyoqf115osZN3kG.svg,B,Yes,No,Yes,Yes,,No,No,Yes,No,Yes,N/A,Yes,Yes
417,4080,"step-shaped figure made of 2 rectangular prisms with different proportions, no labels or numbers",https://2xavun1dsa0sayar.public.blob.vercel-storage.com/visuals/vis_final-NF6xmCNuVFj8fxpY4zvxdkLzyYL6Sy.svg,B,Yes,No,N/A,N/A,,Yes,N/A,N/A,N/A,Yes,N/A,N/A,N/A
420,2258,right triangle on grid showing area of 15 square units,https://2xavun1dsa0sayar.public.blob.vercel-storage.com/visuals/vis_final-i0f6ifflP9FwTKwK0oRMecmWSAAIwS.svg,B,Yes,Yes,Yes,Yes,,Yes,Yes,Yes,Yes,Yes,Yes,Yes,Yes
423,4955,"grid, rectangle in original position only",https://2xavun1dsa0sayar.public.blob.vercel-storage.com/visuals/vis_final-qbNnJsv5PX3Nd9ictjLWu9cpWcm8cX.svg,B,Yes,Yes,Yes,Yes,,Yes,No,N/A,No,Yes,N/A,N/A,N/A
426,3182,"coordinate plane, rectangle 4 by 6 with triangle cut out",https://2xavun1dsa0sayar.public.blob.vercel-storage.com/visuals/vis_final-jC2ExQcLplNoLOzUNIckg43u9k78vi.svg,B,No,No,Yes,Yes,,Yes,No,Yes,No,Yes,Yes,N/A,Yes
427,2254,"number line, 0 to 1, marked in fourths, point at 1/4",https://2xavun1dsa0sayar.public.blob.vercel-storage.com/visuals/vis_final-AUjkgye37asCshrGKVgvYqgLMinlIq.svg,B,Yes,No,Yes,No,,Yes,Yes,Yes,Yes,Yes,Yes,Yes,Yes
431,823,"stepped figure made of rectangular prisms, some going up and some going down",https://2xavun1dsa0sayar.public.blob.vercel-storage.com/visuals/vis_final-co4E5E74nNZA2AaFf2BZTFXpSIalr3.svg,B,Yes,N/A,N/A,No,,Yes,No,N/A,No,Yes,No,N/A,N/A
432,4837,"Hispanic heritage flags arranged in a festive banner style: Mexico, Colombia, Puerto Rico, Dominican Republic, Spain, Argentina, Peru, Cuba, Guatemala, Ecuador, Honduras, Nicaragua, Panama, Uruguay, Bolivia, Costa Rica, Venezuela, Paraguay, El Salvador",https://2xavun1dsa0sayar.public.blob.vercel-storage.com/visuals/vis_final-6uZ9E0eQCcDbb7L3l192pXKeevjPHQ.svg,B,Yes,N/A,N/A,No,,No,No,N/A,No,No,N/A,N/A,No
433,1729,"rectangular prism with corner cut out, 10 by 8 by 3 units, 4 by 3 by 3 corner removed",https://2xavun1dsa0sayar.public.blob.vercel-storage.com/visuals/vis_final-JjI6jpCqP3RWRyP30OIp9aCAm8Za5R.svg,B,Yes,No,N/A,Yes,,No,No,N/A,No,No,N/A,N/A,No
435,68,"coordinate plane, rectangle A at (0,0), (4,0), (4,2), (0,2) and rectangle B at (0,0), (0,4), (-2,4), (-2,0), show both rectangles",https://2xavun1dsa0sayar.public.blob.vercel-storage.com/visuals/vis_final-ezZ0VeGZ8ueVtUu8YSw0HgRqhUJtLY.svg,B,Yes,Yes,Yes,Yes,,Yes,Yes,Yes,Yes,Yes,Yes,Yes,Yes
436,2730,"coordinate plane, triangle with vertices at (1, 2), (3, 4), (5, 1) and triangle with vertices at (-3, -4), (-1, -2), (-5, -1)",https://2xavun1dsa0sayar.public.blob.vercel-storage.com/visuals/vis_final-biQDqEJSPCrQVbsbugSliNSMolrzKU.svg,B,Yes,No,Yes,Yes,,Yes,Yes,Yes,Yes,Yes,Yes,Yes,Yes
438,2874,rectangular prism showing different base orientations,https://2xavun1dsa0sayar.public.blob.vercel-storage.com/visuals/vis_final-qD4g16QCoJMJZqf0yOdS5Eq8pcekWS.svg,B,Yes,Yes,Yes,Yes,,Yes,Yes,Yes,Yes,Yes,Yes,Yes,Yes
441,4865,"rectangular prism, 4 by 3 by 2",https://2xavun1dsa0sayar.public.blob.vercel-storage.com/visuals/vis_final-Qat2dVIbERCSEsKurTculxnQ9OS6PD.svg,B,Yes,Yes,Yes,Yes,,Yes,N/A,Yes,Yes,Yes,N/A,Yes,Yes
442,3764,card with 2 cats side by side,https://2xavun1dsa0sayar.public.blob.vercel-storage.com/visuals/vis_final-YTHzOqQUyx3h9uhDW5zTIgkgMdfrYP.svg,B,No,No,N/A,No,,Yes,N/A,N/A,No,Yes,N/A,N/A,N/A
443,3581,"dot plot, 2 3 4 4 5 5 5 6 7 15",https://2xavun1dsa0sayar.public.blob.vercel-storage.com/visuals/vis_final-rX6IulLSPTV4IfuBjRll33GMOHDYB9.svg,B,Yes,No,Yes,Yes,,Yes,No,Yes,Yes,Yes,N/A,Yes,Yes
445,3997,"parallel line construction, showing two perpendicular steps",https://2xavun1dsa0sayar.public.blob.vercel-storage.com/visuals/vis_final-fpbYrv7pLloQAMpJok5XBdCesGYZKx.svg,B,Yes,No,Yes,No,,Yes,Yes,Yes,Yes,Yes,Yes,Yes,Yes
448,3781,"pentagonal prism net, pentagon base, rectangular sides 4 cm height",https://2xavun1dsa0sayar.public.blob.vercel-storage.com/visuals/vis_final-lwgYhGjY5AI1VTEJacVpOatI1tPnJ7.svg,B,Yes,No,Yes,Yes,,No,No,No,No,No,Yes,No,No
449,3424,"staircase blocks, level 2 with 7 blocks arranged in stair pattern",https://2xavun1dsa0sayar.public.blob.vercel-storage.com/visuals/vis_final-ZqbP76PesHuv7OyVHJDSp49tTDfnBy.svg,B,Yes,No,N/A,N/A,,Yes,No,N/A,No,Yes,N/A,N/A,N/A
